YEAR,MONTH,DAY,DAY_OF_WEEK,AIRLINE,FLIGHT_NUMBER,TAIL_NUMBER,ORIGIN_AIRPORT,DESTINATION_AIRPORT,SCHEDULED_DEPARTURE,DEPARTURE_TIME,DEPARTURE_DELAY,TAXI_OUT,WHEELS_OFF,SCHEDULED_TIME,ELAPSED_TIME,AIR_TIME,DISTANCE,WHEELS_ON,TAXI_IN,SCHEDULED_ARRIVAL,ARRIVAL_TIME,ARRIVAL_DELAY,DIVERTED,CANCELLED,CANCELLATION_REASON,AIR_SYSTEM_DELAY,SECURITY_DELAY,AIRLINE_DELAY,LATE_AIRCRAFT_DELAY,WEATHER_DELAY
2023,3,3,4,AA,1000,TAIL000,ATL,SFO,1825,1825.0,67.0,24.0,1835.0,92,226.0,158.0,1441,1992.0,17.0,1992,1992.0,67.0,0,0,,3.0,1.0,87.0,60.0,7.0
2023,5,28,3,UA,1001,TAIL001,LAX,ATL,103,103.0,10.0,14.0,113.0,119,100.0,88.0,2531,247.0,15.0,247,247.0,10.0,0,0,,49.0,12.0,12.0,63.0,31.0
2023,1,4,2,UA,1002,TAIL002,JFK,ORD,1663,1663.0,136.0,21.0,1673.0,161,159.0,168.0,286,1751.0,6.0,1751,1751.0,136.0,0,0,,24.0,18.0,26.0,40.0,31.0
2023,2,3,6,UA,1003,TAIL003,SFO,SFO,958,958.0,142.0,16.0,968.0,149,140.0,183.0,1964,1075.0,8.0,1075,,,0,0,,7.0,15.0,87.0,63.0,17.0
2023,9,9,6,AA,1004,TAIL004,ORD,ORD,227,227.0,160.0,9.0,237.0,115,172.0,173.0,436,350.0,5.0,350,350.0,160.0,0,0,,29.0,15.0,,13.0,24.0
2023,12,2,1,UA,1005,TAIL005,LAX,ORD,695,695.0,,18.0,705.0,145,158.0,153.0,996,729.0,2.0,729,729.0,10.0,0,0,,39.0,13.0,65.0,58.0,24.0
2023,1,9,6,WN,1006,TAIL006,ORD,ATL,2300,2300.0,,20.0,2310.0,152,,155.0,325,2378.0,,2378,2378.0,27.0,0,0,,13.0,17.0,1.0,61.0,35.0
2023,4,1,1,AA,1007,TAIL007,JFK,ATL,1737,1737.0,55.0,22.0,1747.0,217,239.0,,2376,1923.0,18.0,1923,1923.0,55.0,0,0,,0.0,5.0,45.0,33.0,7.0
2023,7,26,1,AA,1008,TAIL008,LAX,ATL,1687,1687.0,127.0,,1697.0,114,,167.0,1754,1734.0,15.0,1734,1734.0,,0,0,,8.0,,38.0,37.0,26.0
2023,10,22,5,AA,1009,TAIL009,ATL,ATL,679,679.0,30.0,28.0,689.0,136,109.0,141.0,952,883.0,6.0,883,883.0,30.0,0,0,,21.0,2.0,83.0,,5.0
2023,9,2,2,AA,1010,TAIL010,JFK,ATL,671,671.0,10.0,6.0,681.0,237,150.0,156.0,321,822.0,6.0,822,822.0,10.0,0,0,,14.0,18.0,47.0,8.0,
2023,11,9,6,AA,1011,TAIL011,ORD,SFO,1626,1626.0,147.0,25.0,1636.0,156,210.0,143.0,2121,1676.0,13.0,1676,1676.0,147.0,0,0,,20.0,7.0,39.0,30.0,31.0
2023,6,27,6,WN,1012,TAIL012,ORD,SFO,1582,1582.0,150.0,6.0,1592.0,111,167.0,185.0,2773,1804.0,4.0,1804,1804.0,150.0,0,0,,,19.0,86.0,35.0,31.0
2023,7,18,2,WN,1013,TAIL013,JFK,JFK,2231,2231.0,30.0,19.0,2241.0,225,203.0,85.0,2807,2279.0,14.0,2279,2279.0,30.0,0,0,,5.0,14.0,30.0,50.0,10.0
2023,7,13,6,UA,1014,TAIL014,LAX,JFK,741,741.0,,23.0,751.0,85,,127.0,2569,836.0,19.0,836,836.0,11.0,0,0,,1.0,13.0,65.0,66.0,12.0
2023,12,11,7,UA,1015,TAIL015,JFK,ATL,28,28.0,83.0,21.0,38.0,239,172.0,76.0,2617,121.0,2.0,121,121.0,83.0,0,0,,,18.0,3.0,65.0,24.0
2023,12,26,1,WN,1016,TAIL016,SFO,ATL,562,562.0,149.0,22.0,572.0,185,150.0,75.0,2583,652.0,2.0,652,652.0,149.0,0,0,,,3.0,6.0,49.0,18.0
2023,2,17,4,SW,1017,TAIL017,ORD,SFO,970,970.0,54.0,11.0,980.0,230,156.0,185.0,1439,1036.0,18.0,1036,1036.0,54.0,0,0,,58.0,2.0,55.0,34.0,38.0
2023,3,26,1,UA,1018,TAIL018,LAX,ORD,361,361.0,148.0,13.0,371.0,161,165.0,177.0,889,476.0,16.0,476,476.0,148.0,0,0,,48.0,14.0,,58.0,20.0
2023,1,3,7,DL,1019,TAIL019,ATL,ATL,741,741.0,147.0,6.0,751.0,71,193.0,187.0,2598,880.0,6.0,880,880.0,147.0,0,0,,,,54.0,61.0,27.0
2023,10,15,4,SW,1020,TAIL020,JFK,SFO,914,914.0,,9.0,924.0,204,238.0,211.0,1299,1138.0,2.0,1138,1138.0,108.0,0,1,B,26.0,,56.0,18.0,39.0
2023,2,24,5,UA,1021,TAIL021,ORD,SFO,1706,1706.0,-18.0,23.0,1716.0,125,227.0,212.0,1687,1839.0,15.0,1839,,-18.0,0,0,,23.0,6.0,46.0,8.0,
2023,4,1,5,SW,1022,TAIL022,ATL,SFO,1488,1488.0,15.0,16.0,1498.0,90,186.0,,2447,1600.0,13.0,1600,,15.0,0,0,,,9.0,78.0,64.0,17.0
2023,10,21,7,WN,1023,TAIL023,SFO,SFO,1543,1543.0,173.0,13.0,1553.0,217,237.0,,877,1660.0,9.0,1660,1660.0,173.0,0,0,,,4.0,3.0,29.0,4.0
2023,5,23,3,SW,1024,TAIL024,JFK,ATL,1682,1682.0,134.0,10.0,1692.0,107,181.0,185.0,2707,1849.0,9.0,1849,1849.0,134.0,0,0,,51.0,8.0,35.0,69.0,7.0
2023,8,9,6,SW,1025,TAIL025,ORD,ORD,806,806.0,,8.0,816.0,70,,130.0,1163,930.0,4.0,930,930.0,123.0,0,0,,57.0,12.0,79.0,76.0,39.0
2023,3,9,4,DL,1026,TAIL026,ATL,SFO,817,817.0,57.0,26.0,827.0,103,122.0,217.0,369,1035.0,12.0,1035,1035.0,57.0,0,0,,,5.0,,65.0,6.0
2023,8,27,4,UA,1027,TAIL027,JFK,JFK,753,,65.0,6.0,763.0,104,107.0,152.0,333,804.0,2.0,804,804.0,65.0,0,0,,58.0,6.0,13.0,0.0,6.0
2023,6,16,6,AA,1028,TAIL028,ORD,ATL,262,262.0,34.0,27.0,272.0,146,193.0,,1126,398.0,17.0,398,398.0,34.0,0,0,,42.0,,83.0,15.0,28.0
2023,7,14,1,SW,1029,TAIL029,LAX,ATL,1121,1121.0,-3.0,29.0,1131.0,213,,234.0,1889,,15.0,1201,1201.0,-3.0,0,0,,48.0,10.0,37.0,68.0,1.0
2023,4,21,6,DL,1030,TAIL030,LAX,JFK,44,44.0,13.0,27.0,54.0,70,91.0,,941,221.0,,221,221.0,13.0,0,0,,0.0,8.0,48.0,57.0,2.0
2023,1,17,2,AA,1031,TAIL031,LAX,ATL,695,695.0,112.0,26.0,705.0,195,181.0,108.0,2323,,18.0,797,797.0,112.0,0,0,,30.0,18.0,8.0,12.0,27.0
2023,12,26,2,DL,1032,TAIL032,LAX,LAX,2268,2268.0,15.0,16.0,2278.0,75,193.0,230.0,1795,2353.0,,2353,2353.0,15.0,0,0,,0.0,4.0,18.0,78.0,37.0
2023,4,11,3,WN,1033,TAIL033,JFK,SFO,1483,,105.0,13.0,1493.0,127,119.0,89.0,330,,8.0,1595,1595.0,105.0,0,0,,20.0,5.0,43.0,41.0,5.0
2023,12,25,1,AA,1034,TAIL034,LAX,LAX,20,20.0,-3.0,24.0,,222,,,1848,151.0,3.0,151,151.0,-3.0,0,0,,44.0,12.0,7.0,20.0,14.0
2023,4,4,6,UA,1035,TAIL035,JFK,SFO,1236,1236.0,,10.0,1246.0,221,92.0,212.0,2021,1420.0,9.0,1420,1420.0,127.0,0,0,,44.0,6.0,29.0,19.0,
2023,6,15,3,AA,1036,TAIL036,ORD,ATL,2094,2094.0,135.0,,2104.0,138,,127.0,1752,2124.0,17.0,2124,2124.0,,0,0,,1.0,1.0,41.0,52.0,
2023,9,24,7,AA,1037,TAIL037,SFO,LAX,336,336.0,143.0,21.0,346.0,172,208.0,,793,537.0,15.0,537,,143.0,0,0,,0.0,15.0,11.0,39.0,
2023,9,19,5,DL,1038,TAIL038,JFK,ORD,1527,,62.0,7.0,1537.0,182,237.0,140.0,2289,,15.0,1624,1624.0,62.0,0,0,,,14.0,66.0,11.0,28.0
2023,9,12,4,SW,1039,TAIL039,ORD,LAX,2139,2139.0,63.0,8.0,2149.0,114,63.0,89.0,2378,2238.0,18.0,2238,2238.0,63.0,0,0,,40.0,5.0,,53.0,21.0
2023,8,2,3,SW,1040,TAIL040,SFO,ATL,1814,1814.0,96.0,18.0,1824.0,132,125.0,,1443,2044.0,17.0,2044,2044.0,96.0,0,0,,32.0,8.0,,73.0,
2023,8,13,5,AA,1041,TAIL041,LAX,SFO,1757,1757.0,132.0,21.0,1767.0,111,99.0,162.0,669,1996.0,10.0,1996,1996.0,132.0,0,0,,47.0,2.0,,31.0,1.0
2023,12,27,1,UA,1042,TAIL042,ORD,SFO,946,946.0,155.0,16.0,956.0,80,88.0,136.0,882,1106.0,11.0,1106,,,0,0,,6.0,1.0,,23.0,18.0
2023,9,24,7,DL,1043,TAIL043,ATL,ATL,121,121.0,114.0,15.0,131.0,99,220.0,224.0,469,228.0,7.0,228,228.0,114.0,0,0,,4.0,1.0,3.0,27.0,6.0
2023,1,3,3,AA,1044,TAIL044,LAX,ORD,2030,2030.0,144.0,23.0,2040.0,188,143.0,172.0,783,2116.0,15.0,2116,2116.0,144.0,0,0,,5.0,13.0,89.0,14.0,17.0
2023,8,7,4,AA,1045,TAIL045,SFO,ATL,2064,2064.0,175.0,12.0,2074.0,126,187.0,227.0,1884,2294.0,7.0,2294,2294.0,175.0,0,0,,25.0,15.0,24.0,36.0,22.0
2023,10,19,6,WN,1046,TAIL046,JFK,ATL,155,155.0,-20.0,,165.0,220,145.0,165.0,1043,261.0,14.0,261,261.0,-20.0,0,0,,4.0,2.0,30.0,28.0,13.0
2023,3,20,1,DL,1047,TAIL047,SFO,JFK,2192,2192.0,63.0,9.0,2202.0,213,184.0,,1672,2350.0,3.0,2350,,63.0,0,0,,19.0,16.0,88.0,23.0,38.0
2023,3,6,7,WN,1048,TAIL048,JFK,SFO,937,937.0,96.0,26.0,947.0,204,,,1972,1133.0,6.0,1133,1133.0,96.0,0,0,,27.0,7.0,28.0,42.0,3.0
2023,10,22,4,UA,1049,TAIL049,LAX,ORD,1705,,57.0,25.0,1715.0,178,230.0,,2779,1938.0,12.0,1938,1938.0,57.0,0,0,,20.0,14.0,18.0,37.0,37.0
2023,5,19,2,DL,1050,TAIL050,ORD,SFO,2077,2077.0,177.0,,,202,214.0,233.0,2658,2291.0,9.0,2291,2291.0,177.0,0,0,,,16.0,84.0,29.0,35.0
2023,4,2,1,SW,1051,TAIL051,ATL,ORD,521,521.0,-7.0,20.0,531.0,180,84.0,67.0,2890,726.0,11.0,726,726.0,-7.0,0,0,,30.0,18.0,37.0,77.0,39.0
2023,6,6,4,WN,1052,TAIL052,LAX,ATL,2085,,51.0,18.0,,114,115.0,228.0,2752,2248.0,4.0,2248,2248.0,51.0,0,0,,,14.0,35.0,13.0,38.0
2023,9,25,1,SW,1053,TAIL053,SFO,ORD,446,,37.0,,456.0,209,114.0,158.0,2903,,18.0,583,583.0,37.0,0,0,,16.0,7.0,65.0,6.0,7.0
2023,1,8,7,WN,1054,TAIL054,ATL,LAX,1970,1970.0,,,1980.0,161,68.0,86.0,746,2128.0,,2128,2128.0,-3.0,0,0,,30.0,16.0,56.0,75.0,18.0
2023,12,4,4,DL,1055,TAIL055,ORD,JFK,960,960.0,104.0,9.0,970.0,138,222.0,,672,1081.0,12.0,1081,1081.0,104.0,0,0,,29.0,,46.0,38.0,29.0
2023,8,1,4,UA,1056,TAIL056,ORD,ATL,567,567.0,123.0,22.0,577.0,176,142.0,174.0,2357,644.0,13.0,644,644.0,,0,0,,35.0,8.0,4.0,58.0,23.0
2023,3,7,7,SW,1057,TAIL057,SFO,LAX,824,824.0,,12.0,834.0,95,94.0,218.0,674,881.0,14.0,881,881.0,57.0,0,0,,14.0,6.0,74.0,56.0,9.0
2023,10,8,2,SW,1058,TAIL058,LAX,LAX,1371,1371.0,1.0,22.0,1381.0,103,93.0,109.0,240,1558.0,9.0,1558,1558.0,1.0,0,0,,,12.0,57.0,,17.0
2023,10,20,1,WN,1059,TAIL059,ORD,ORD,1963,1963.0,80.0,24.0,1973.0,159,188.0,100.0,392,,17.0,2183,2183.0,80.0,0,0,,44.0,5.0,,79.0,22.0
2023,10,12,1,DL,1060,TAIL060,ATL,JFK,400,400.0,19.0,22.0,410.0,225,224.0,239.0,2480,476.0,8.0,476,476.0,19.0,0,0,,57.0,15.0,69.0,59.0,33.0
2023,3,6,7,SW,1061,TAIL061,ORD,SFO,10,10.0,94.0,25.0,20.0,102,93.0,138.0,1542,160.0,15.0,160,,94.0,0,0,,41.0,,89.0,58.0,16.0
2023,3,6,6,UA,1062,TAIL062,LAX,ATL,309,309.0,14.0,7.0,319.0,105,,227.0,829,381.0,6.0,381,381.0,14.0,0,0,,2.0,7.0,82.0,5.0,9.0
2023,8,4,1,WN,1063,TAIL063,SFO,JFK,2046,2046.0,41.0,28.0,2056.0,237,194.0,171.0,1005,2189.0,7.0,2189,2189.0,41.0,0,0,,30.0,19.0,82.0,23.0,27.0
2023,10,26,2,SW,1064,TAIL064,ATL,LAX,444,444.0,139.0,,454.0,123,170.0,217.0,1646,544.0,,544,544.0,139.0,0,0,,47.0,4.0,54.0,75.0,0.0
2023,6,10,6,WN,1065,TAIL065,ATL,SFO,1679,1679.0,,5.0,1689.0,156,106.0,192.0,2679,1776.0,9.0,1776,1776.0,92.0,0,0,,46.0,,9.0,50.0,4.0
2023,8,24,6,UA,1066,TAIL066,JFK,LAX,290,290.0,-8.0,,,182,225.0,112.0,792,414.0,8.0,414,,-8.0,0,0,,4.0,14.0,52.0,32.0,35.0
2023,3,14,1,UA,1067,TAIL067,JFK,ORD,1231,1231.0,122.0,24.0,1241.0,184,119.0,218.0,417,1458.0,15.0,1458,1458.0,,0,0,,12.0,4.0,26.0,35.0,24.0
2023,8,3,6,WN,1068,TAIL068,ORD,JFK,318,318.0,118.0,15.0,328.0,198,102.0,66.0,2329,416.0,3.0,416,,118.0,0,0,,37.0,19.0,66.0,53.0,
2023,6,17,2,UA,1069,TAIL069,ORD,LAX,789,789.0,91.0,14.0,799.0,198,98.0,162.0,495,922.0,18.0,922,922.0,91.0,0,0,,17.0,15.0,,12.0,30.0
2023,9,8,5,DL,1070,TAIL070,ORD,SFO,2356,,24.0,29.0,2366.0,132,227.0,180.0,2531,155.0,6.0,155,,,0,0,,59.0,0.0,28.0,13.0,20.0
2023,7,4,4,UA,1071,TAIL071,JFK,ORD,963,963.0,129.0,26.0,973.0,91,63.0,105.0,2036,1135.0,2.0,1135,1135.0,129.0,0,0,,3.0,10.0,54.0,30.0,2.0
2023,5,16,5,SW,1072,TAIL072,JFK,ATL,2106,2106.0,-18.0,10.0,,216,148.0,198.0,1207,2162.0,3.0,2162,2162.0,-18.0,0,0,,21.0,4.0,54.0,17.0,28.0
2023,11,7,5,WN,1073,TAIL073,ORD,JFK,1120,1120.0,100.0,,1130.0,134,,114.0,2789,,17.0,1280,,,0,0,,,15.0,6.0,67.0,19.0
2023,2,20,6,UA,1074,TAIL074,JFK,ATL,1505,1505.0,80.0,28.0,1515.0,234,234.0,91.0,2239,,10.0,1655,1655.0,80.0,0,0,,11.0,17.0,42.0,74.0,25.0
2023,2,9,1,WN,1075,TAIL075,ORD,ORD,1279,1279.0,70.0,5.0,1289.0,212,66.0,,1449,1340.0,8.0,1340,1340.0,70.0,0,0,,53.0,2.0,4.0,16.0,17.0
2023,4,11,3,UA,1076,TAIL076,SFO,SFO,1231,1231.0,35.0,7.0,1241.0,197,205.0,96.0,1861,1317.0,15.0,1317,1317.0,35.0,0,0,,20.0,,88.0,48.0,30.0
2023,12,11,4,SW,1077,TAIL077,ATL,ORD,1183,1183.0,33.0,,1193.0,74,141.0,60.0,1543,,2.0,1345,1345.0,,0,0,,7.0,0.0,8.0,,39.0
2023,7,4,2,WN,1078,TAIL078,ORD,ATL,2297,2297.0,156.0,,2307.0,187,114.0,161.0,760,2381.0,11.0,2381,2381.0,156.0,0,0,,40.0,9.0,41.0,4.0,22.0
2023,7,4,7,AA,1079,TAIL079,LAX,SFO,2123,2123.0,48.0,,2133.0,194,134.0,,2198,2243.0,4.0,2243,2243.0,48.0,0,0,,31.0,1.0,83.0,75.0,4.0
2023,11,11,3,DL,1080,TAIL080,LAX,ATL,646,646.0,-14.0,13.0,656.0,112,,,2318,849.0,18.0,849,849.0,-14.0,0,0,,18.0,3.0,39.0,61.0,
2023,12,8,5,DL,1081,TAIL081,JFK,JFK,1162,1162.0,165.0,17.0,1172.0,214,236.0,134.0,2045,1211.0,10.0,1211,1211.0,165.0,0,0,,51.0,17.0,66.0,40.0,14.0
2023,5,14,6,UA,1082,TAIL082,ATL,LAX,117,,133.0,,127.0,89,85.0,100.0,2491,178.0,4.0,178,178.0,133.0,0,0,,55.0,6.0,53.0,40.0,20.0
2023,4,6,2,AA,1083,TAIL083,LAX,JFK,1563,1563.0,3.0,19.0,1573.0,189,239.0,106.0,1550,,18.0,1672,,,0,0,,6.0,13.0,40.0,44.0,35.0
2023,2,10,5,UA,1084,TAIL084,SFO,ORD,1663,,-7.0,7.0,1673.0,213,117.0,144.0,1031,1821.0,11.0,1821,1821.0,-7.0,0,0,,15.0,6.0,34.0,79.0,30.0
2023,11,23,3,DL,1085,TAIL085,JFK,SFO,1385,1385.0,,15.0,1395.0,139,161.0,65.0,1621,1470.0,12.0,1470,1470.0,173.0,0,0,,37.0,0.0,3.0,12.0,34.0
2023,4,6,5,UA,1086,TAIL086,JFK,ORD,991,991.0,17.0,27.0,,89,187.0,169.0,1037,1025.0,13.0,1025,1025.0,17.0,0,0,,,0.0,21.0,38.0,31.0
2023,8,24,1,UA,1087,TAIL087,LAX,LAX,1321,1321.0,38.0,11.0,1331.0,91,170.0,225.0,2868,1441.0,3.0,1441,1441.0,,0,0,,7.0,3.0,74.0,46.0,12.0
2023,9,16,4,AA,1088,TAIL088,SFO,JFK,1736,1736.0,-1.0,28.0,1746.0,111,238.0,215.0,410,1855.0,3.0,1855,1855.0,-1.0,0,0,,46.0,8.0,2.0,,20.0
2023,2,19,7,UA,1089,TAIL089,SFO,SFO,1959,1959.0,-10.0,11.0,1969.0,137,118.0,215.0,1222,2187.0,5.0,2187,2187.0,-10.0,0,0,,36.0,8.0,13.0,23.0,
2023,9,10,6,SW,1090,TAIL090,ATL,LAX,635,635.0,47.0,,645.0,131,94.0,170.0,1870,674.0,10.0,674,674.0,47.0,0,0,,53.0,17.0,,26.0,
2023,5,7,7,UA,1091,TAIL091,ORD,JFK,983,,87.0,6.0,993.0,210,,77.0,496,1054.0,3.0,1054,1054.0,87.0,0,0,,52.0,11.0,17.0,76.0,16.0
2023,12,20,4,UA,1092,TAIL092,LAX,ORD,1584,1584.0,56.0,26.0,1594.0,164,171.0,189.0,999,1772.0,16.0,1772,1772.0,56.0,0,0,,50.0,10.0,29.0,7.0,0.0
2023,8,21,4,SW,1093,TAIL093,ATL,ATL,2121,2121.0,55.0,13.0,2131.0,69,88.0,,1245,2324.0,19.0,2324,2324.0,55.0,0,0,,6.0,16.0,72.0,72.0,38.0
2023,12,16,5,AA,1094,TAIL094,LAX,SFO,120,120.0,164.0,25.0,,149,209.0,167.0,2832,,16.0,352,352.0,164.0,0,0,,38.0,14.0,20.0,1.0,9.0
2023,10,18,3,WN,1095,TAIL095,ATL,ORD,507,,,8.0,517.0,156,171.0,154.0,246,,5.0,610,610.0,12.0,0,0,,46.0,0.0,39.0,11.0,21.0
2023,7,16,2,AA,1096,TAIL096,ORD,JFK,2288,,14.0,21.0,2298.0,102,107.0,206.0,1929,11.0,6.0,11,11.0,14.0,0,0,,30.0,9.0,,52.0,25.0
2023,7,23,7,SW,1097,TAIL097,ATL,JFK,1122,,54.0,13.0,1132.0,73,168.0,140.0,772,1325.0,4.0,1325,1325.0,54.0,0,0,,51.0,2.0,,29.0,
2023,5,20,6,UA,1098,TAIL098,ORD,JFK,1341,1341.0,67.0,24.0,1351.0,179,225.0,207.0,1072,1570.0,15.0,1570,1570.0,67.0,0,0,,54.0,18.0,,46.0,37.0
2023,9,7,7,AA,1099,TAIL099,JFK,ORD,996,996.0,92.0,17.0,1006.0,103,143.0,127.0,755,1175.0,19.0,1175,1175.0,92.0,0,0,,34.0,18.0,71.0,5.0,39.0
2023,3,12,3,DL,1100,TAIL000,ORD,ORD,1920,1920.0,128.0,7.0,1930.0,161,104.0,130.0,2706,2032.0,9.0,2032,2032.0,128.0,0,0,,28.0,6.0,52.0,62.0,32.0
2023,2,17,5,AA,1101,TAIL001,LAX,SFO,805,805.0,140.0,23.0,815.0,89,230.0,102.0,2963,972.0,16.0,972,972.0,140.0,0,0,,49.0,13.0,47.0,44.0,28.0
2023,10,28,1,UA,1102,TAIL002,LAX,LAX,2105,2105.0,25.0,11.0,2115.0,154,238.0,153.0,1634,2200.0,14.0,2200,2200.0,25.0,0,0,,24.0,3.0,35.0,56.0,11.0
2023,1,15,2,AA,1103,TAIL003,SFO,JFK,788,788.0,34.0,19.0,798.0,214,124.0,199.0,722,933.0,19.0,933,933.0,34.0,0,0,,13.0,8.0,71.0,42.0,26.0
2023,1,3,5,UA,1104,TAIL004,ATL,ORD,1539,1539.0,163.0,,1549.0,140,99.0,219.0,814,1726.0,15.0,1726,1726.0,163.0,0,0,,28.0,2.0,19.0,28.0,9.0
2023,12,20,1,SW,1105,TAIL005,ORD,SFO,1683,,95.0,18.0,1693.0,172,195.0,,2357,1826.0,10.0,1826,1826.0,95.0,0,0,,35.0,15.0,16.0,16.0,34.0
2023,10,17,2,UA,1106,TAIL006,ORD,JFK,94,94.0,-15.0,28.0,,235,236.0,104.0,815,217.0,4.0,217,217.0,-15.0,0,0,,13.0,7.0,57.0,41.0,14.0
2023,10,6,3,AA,1107,TAIL007,ORD,ATL,1856,1856.0,66.0,10.0,1866.0,109,137.0,156.0,2322,,19.0,1965,1965.0,66.0,0,0,,25.0,4.0,28.0,66.0,4.0
2023,11,13,1,SW,1108,TAIL008,JFK,ORD,1313,1313.0,166.0,11.0,1323.0,119,155.0,95.0,461,1405.0,10.0,1405,1405.0,166.0,0,0,,,10.0,17.0,,5.0
2023,5,6,7,SW,1109,TAIL009,SFO,ORD,1439,1439.0,,15.0,,146,128.0,,1860,,3.0,1583,1583.0,177.0,0,0,,9.0,13.0,74.0,19.0,11.0
2023,1,17,1,SW,1110,TAIL010,JFK,ORD,1835,1835.0,90.0,13.0,1845.0,185,224.0,161.0,2789,2074.0,14.0,2074,2074.0,90.0,0,0,,9.0,19.0,89.0,13.0,5.0
2023,12,3,6,DL,1111,TAIL011,JFK,JFK,1270,,-16.0,22.0,1280.0,88,182.0,224.0,2036,1467.0,19.0,1467,1467.0,-16.0,0,0,,50.0,5.0,22.0,37.0,10.0
2023,10,7,6,WN,1112,TAIL012,SFO,ATL,2205,2205.0,60.0,22.0,2215.0,169,149.0,70.0,2808,2341.0,4.0,2341,2341.0,60.0,0,0,,52.0,11.0,11.0,,8.0
2023,1,3,3,SW,1113,TAIL013,SFO,SFO,1956,1956.0,98.0,19.0,1966.0,117,220.0,155.0,980,2120.0,,2120,2120.0,98.0,0,0,,23.0,7.0,10.0,45.0,15.0
2023,8,11,1,DL,1114,TAIL014,LAX,LAX,2004,2004.0,,22.0,2014.0,171,163.0,174.0,860,2214.0,18.0,2214,2214.0,,0,0,,18.0,,57.0,39.0,3.0
2023,3,5,6,AA,1115,TAIL015,LAX,ORD,1846,1846.0,102.0,11.0,1856.0,117,127.0,177.0,709,2003.0,7.0,2003,,102.0,0,0,,0.0,0.0,81.0,6.0,24.0
2023,10,22,4,DL,1116,TAIL016,LAX,ATL,523,523.0,2.0,,533.0,96,,130.0,2900,600.0,6.0,600,600.0,2.0,0,0,,5.0,,4.0,76.0,2.0
2023,8,8,3,SW,1117,TAIL017,SFO,LAX,1367,1367.0,122.0,16.0,1377.0,173,206.0,108.0,2022,1466.0,4.0,1466,1466.0,122.0,0,0,,16.0,10.0,65.0,75.0,
2023,7,24,4,UA,1118,TAIL018,JFK,JFK,231,231.0,-12.0,24.0,,72,71.0,66.0,2258,406.0,7.0,406,406.0,-12.0,0,0,,11.0,7.0,16.0,68.0,
2023,12,2,6,AA,1119,TAIL019,JFK,SFO,1098,1098.0,135.0,18.0,1108.0,73,,91.0,2190,,8.0,1193,1193.0,135.0,0,0,,2.0,12.0,84.0,66.0,6.0
2023,7,9,3,WN,1120,TAIL020,JFK,SFO,190,190.0,125.0,5.0,200.0,106,159.0,162.0,2809,417.0,,417,,125.0,0,0,,,1.0,0.0,78.0,3.0
2023,11,21,2,AA,1121,TAIL021,LAX,SFO,1654,1654.0,138.0,5.0,1664.0,66,196.0,201.0,2461,1887.0,7.0,1887,1887.0,138.0,0,0,,38.0,7.0,8.0,35.0,38.0
2023,9,26,6,DL,1122,TAIL022,LAX,JFK,837,837.0,44.0,7.0,847.0,114,,145.0,1358,1017.0,6.0,1017,1017.0,44.0,0,0,,16.0,11.0,14.0,55.0,33.0
2023,3,10,1,DL,1123,TAIL023,ATL,ATL,150,150.0,79.0,19.0,160.0,186,134.0,156.0,2871,227.0,3.0,227,227.0,79.0,0,0,,50.0,12.0,3.0,7.0,24.0
2023,6,11,6,SW,1124,TAIL024,ATL,ORD,1719,1719.0,89.0,,1729.0,140,,106.0,1139,1870.0,2.0,1870,1870.0,89.0,0,0,,,,70.0,49.0,7.0
2023,2,28,4,SW,1125,TAIL025,SFO,SFO,2047,2047.0,-1.0,28.0,2057.0,133,164.0,,824,2098.0,3.0,2098,2098.0,-1.0,0,0,,14.0,16.0,26.0,59.0,32.0
2023,2,17,7,AA,1126,TAIL026,SFO,LAX,244,244.0,80.0,14.0,254.0,96,149.0,228.0,1545,420.0,17.0,420,420.0,80.0,0,0,,19.0,13.0,29.0,31.0,5.0
2023,5,15,6,AA,1127,TAIL027,ORD,SFO,2105,,-13.0,,2115.0,61,146.0,226.0,1648,2245.0,5.0,2245,,-13.0,0,0,,52.0,2.0,,19.0,
2023,2,24,1,SW,1128,TAIL028,ORD,ATL,2007,2007.0,,25.0,2017.0,206,217.0,151.0,2408,2052.0,13.0,2052,2052.0,125.0,0,0,,26.0,12.0,5.0,68.0,10.0
2023,2,25,7,SW,1129,TAIL029,SFO,ATL,258,258.0,49.0,27.0,268.0,237,87.0,161.0,1441,372.0,7.0,372,372.0,49.0,0,0,,52.0,7.0,1.0,54.0,37.0
2023,7,5,7,WN,1130,TAIL030,SFO,SFO,87,,,6.0,97.0,202,122.0,61.0,2246,262.0,15.0,262,262.0,142.0,0,1,B,,10.0,40.0,30.0,22.0
2023,4,13,3,WN,1131,TAIL031,SFO,JFK,1950,1950.0,161.0,25.0,1960.0,115,194.0,112.0,1847,2070.0,11.0,2070,2070.0,161.0,0,0,,36.0,6.0,35.0,77.0,22.0
2023,6,23,5,SW,1132,TAIL032,SFO,ORD,1521,,123.0,,,110,,224.0,1906,1754.0,16.0,1754,1754.0,123.0,0,0,,45.0,15.0,45.0,74.0,6.0
2023,1,5,5,WN,1133,TAIL033,SFO,LAX,1142,1142.0,-11.0,24.0,1152.0,121,219.0,140.0,830,1273.0,9.0,1273,,-11.0,0,1,B,28.0,12.0,49.0,22.0,11.0
2023,7,20,5,WN,1134,TAIL034,ORD,JFK,1175,1175.0,,27.0,1185.0,62,146.0,92.0,2333,1317.0,18.0,1317,1317.0,165.0,0,0,,26.0,14.0,67.0,50.0,31.0
2023,2,14,6,UA,1135,TAIL035,SFO,LAX,1704,1704.0,163.0,12.0,1714.0,107,,67.0,2279,,17.0,1817,1817.0,163.0,0,0,,59.0,,19.0,19.0,9.0
2023,1,25,7,DL,1136,TAIL036,SFO,ORD,532,532.0,111.0,22.0,,151,171.0,86.0,2539,636.0,15.0,636,636.0,111.0,0,0,,53.0,15.0,86.0,37.0,23.0
2023,8,8,5,UA,1137,TAIL037,JFK,JFK,1939,1939.0,23.0,25.0,1949.0,102,130.0,197.0,1032,1984.0,11.0,1984,1984.0,23.0,0,0,,12.0,13.0,79.0,73.0,36.0
2023,5,4,7,DL,1138,TAIL038,LAX,JFK,1602,1602.0,28.0,19.0,1612.0,226,202.0,226.0,1800,1714.0,3.0,1714,1714.0,28.0,0,0,,44.0,15.0,8.0,,14.0
2023,8,7,6,DL,1139,TAIL039,ATL,ORD,1617,1617.0,27.0,5.0,1627.0,137,135.0,163.0,1707,1655.0,3.0,1655,1655.0,27.0,0,0,,42.0,17.0,,71.0,34.0
2023,2,18,4,DL,1140,TAIL040,ORD,SFO,1722,1722.0,140.0,26.0,,169,104.0,157.0,2821,,13.0,1838,1838.0,,0,0,,34.0,19.0,71.0,37.0,7.0
2023,11,25,6,WN,1141,TAIL041,LAX,ORD,1204,1204.0,-2.0,10.0,1214.0,173,143.0,110.0,978,,4.0,1237,1237.0,-2.0,0,0,,59.0,8.0,71.0,17.0,26.0
2023,6,23,3,SW,1142,TAIL042,ORD,ORD,2217,2217.0,172.0,,2227.0,186,110.0,227.0,1198,,,2324,2324.0,172.0,0,0,,31.0,13.0,29.0,8.0,22.0
2023,2,1,2,UA,1143,TAIL043,LAX,JFK,1530,1530.0,135.0,12.0,1540.0,201,,173.0,2823,1663.0,12.0,1663,1663.0,135.0,0,0,,59.0,8.0,72.0,67.0,4.0
2023,9,4,3,UA,1144,TAIL044,ATL,ATL,1315,1315.0,89.0,24.0,1325.0,134,74.0,139.0,2959,1351.0,2.0,1351,1351.0,89.0,0,0,,4.0,,54.0,51.0,28.0
2023,11,11,4,AA,1145,TAIL045,SFO,LAX,668,668.0,64.0,10.0,678.0,62,144.0,61.0,1162,,7.0,809,809.0,64.0,0,0,,33.0,16.0,18.0,46.0,39.0
2023,5,21,4,DL,1146,TAIL046,ATL,ORD,4,4.0,,22.0,,75,,212.0,1634,66.0,4.0,66,66.0,,0,1,B,44.0,6.0,49.0,15.0,30.0
2023,5,13,7,SW,1147,TAIL047,ORD,ORD,554,554.0,0.0,25.0,564.0,215,92.0,114.0,2778,695.0,11.0,695,695.0,0.0,0,0,,16.0,18.0,22.0,42.0,3.0
2023,8,17,4,WN,1148,TAIL048,JFK,LAX,1538,1538.0,138.0,24.0,1548.0,76,207.0,94.0,2527,1679.0,5.0,1679,1679.0,138.0,0,0,,6.0,,,34.0,1.0
2023,12,10,3,UA,1149,TAIL049,ORD,JFK,475,475.0,6.0,13.0,485.0,76,93.0,137.0,1961,712.0,19.0,712,712.0,6.0,0,0,,54.0,1.0,87.0,52.0,2.0
2023,5,4,4,UA,1150,TAIL050,JFK,ATL,495,,,22.0,505.0,74,103.0,62.0,2570,574.0,10.0,574,574.0,-19.0,0,0,,24.0,4.0,5.0,39.0,9.0
2023,3,12,4,SW,1151,TAIL051,LAX,ORD,675,675.0,179.0,13.0,685.0,189,134.0,,1081,760.0,,760,760.0,179.0,0,0,,38.0,18.0,69.0,51.0,2.0
2023,11,26,4,DL,1152,TAIL052,ORD,SFO,1548,1548.0,,18.0,1558.0,106,120.0,126.0,1434,1643.0,19.0,1643,1643.0,144.0,0,0,,11.0,,26.0,38.0,38.0
2023,8,8,6,SW,1153,TAIL053,SFO,ATL,381,381.0,97.0,27.0,391.0,239,91.0,138.0,2017,505.0,18.0,505,505.0,97.0,0,0,,27.0,9.0,,43.0,6.0
2023,2,13,2,AA,1154,TAIL054,JFK,LAX,1584,1584.0,75.0,13.0,,183,166.0,178.0,1518,,7.0,1651,1651.0,75.0,0,0,,,6.0,28.0,48.0,20.0
2023,7,14,5,DL,1155,TAIL055,ATL,ORD,631,631.0,97.0,,641.0,203,205.0,146.0,1645,843.0,18.0,843,843.0,97.0,0,0,,20.0,0.0,68.0,56.0,0.0
2023,5,2,1,UA,1156,TAIL056,JFK,SFO,1877,1877.0,-10.0,17.0,1887.0,156,189.0,164.0,1349,1914.0,18.0,1914,1914.0,-10.0,0,0,,31.0,17.0,2.0,19.0,15.0
2023,12,8,3,UA,1157,TAIL057,SFO,SFO,1507,1507.0,156.0,,1517.0,182,221.0,218.0,2158,1633.0,,1633,1633.0,156.0,0,0,,10.0,1.0,37.0,57.0,36.0
2023,2,26,1,DL,1158,TAIL058,SFO,LAX,2339,2339.0,166.0,5.0,2349.0,194,182.0,71.0,2284,78.0,5.0,78,78.0,166.0,0,0,,5.0,3.0,17.0,78.0,12.0
2023,2,20,5,AA,1159,TAIL059,ATL,JFK,1762,1762.0,79.0,,1772.0,144,191.0,160.0,681,1862.0,10.0,1862,1862.0,79.0,0,0,,32.0,9.0,45.0,36.0,34.0
2023,2,6,4,WN,1160,TAIL060,ORD,JFK,461,461.0,140.0,26.0,,226,,110.0,1417,617.0,7.0,617,617.0,140.0,0,0,,33.0,15.0,,10.0,32.0
2023,11,9,5,AA,1161,TAIL061,SFO,ATL,499,499.0,-12.0,5.0,509.0,228,,88.0,1820,713.0,19.0,713,713.0,-12.0,0,0,,31.0,16.0,15.0,47.0,32.0
2023,12,6,1,UA,1162,TAIL062,LAX,ORD,590,590.0,,5.0,600.0,153,201.0,207.0,1444,,13.0,769,769.0,17.0,0,0,,54.0,11.0,73.0,16.0,0.0
2023,12,10,1,SW,1163,TAIL063,ATL,ORD,889,889.0,26.0,28.0,899.0,64,221.0,82.0,2111,1095.0,12.0,1095,,26.0,0,0,,43.0,10.0,89.0,5.0,19.0
2023,12,18,6,WN,1164,TAIL064,SFO,LAX,565,565.0,151.0,,575.0,167,81.0,139.0,610,740.0,17.0,740,740.0,151.0,0,0,,7.0,8.0,65.0,18.0,1.0
2023,7,26,4,SW,1165,TAIL065,LAX,ORD,755,755.0,25.0,8.0,765.0,107,153.0,158.0,1429,847.0,8.0,847,847.0,25.0,0,0,,9.0,11.0,24.0,44.0,36.0
2023,9,21,2,DL,1166,TAIL066,JFK,SFO,2064,2064.0,12.0,11.0,2074.0,181,151.0,152.0,1918,2252.0,6.0,2252,2252.0,12.0,0,0,,22.0,19.0,,24.0,29.0
2023,10,10,3,UA,1167,TAIL067,ORD,JFK,13,13.0,140.0,,23.0,222,142.0,111.0,1753,162.0,12.0,162,162.0,140.0,0,0,,58.0,13.0,13.0,56.0,32.0
2023,11,5,5,SW,1168,TAIL068,JFK,LAX,978,,45.0,,988.0,178,73.0,67.0,513,1083.0,13.0,1083,1083.0,,0,0,,53.0,12.0,35.0,69.0,7.0
2023,7,6,7,AA,1169,TAIL069,SFO,JFK,1804,1804.0,133.0,5.0,1814.0,148,140.0,63.0,2360,1894.0,13.0,1894,1894.0,133.0,0,0,,23.0,15.0,70.0,41.0,23.0
2023,6,28,2,AA,1170,TAIL070,SFO,JFK,539,539.0,109.0,15.0,549.0,192,234.0,182.0,2982,632.0,11.0,632,632.0,109.0,0,0,,6.0,1.0,63.0,11.0,7.0
2023,6,20,7,AA,1171,TAIL071,LAX,LAX,975,975.0,116.0,16.0,985.0,182,122.0,105.0,2612,1212.0,15.0,1212,1212.0,,0,0,,0.0,5.0,50.0,52.0,25.0
2023,4,20,3,UA,1172,TAIL072,ORD,ATL,2174,2174.0,80.0,25.0,2184.0,148,179.0,202.0,2285,2324.0,19.0,2324,2324.0,,0,0,,11.0,17.0,87.0,58.0,5.0
2023,3,13,5,WN,1173,TAIL073,LAX,ATL,2050,,23.0,23.0,2060.0,117,189.0,,497,2171.0,3.0,2171,2171.0,23.0,0,0,,40.0,9.0,49.0,22.0,
2023,11,8,6,DL,1174,TAIL074,ATL,LAX,1776,1776.0,164.0,8.0,1786.0,140,186.0,176.0,2588,1940.0,8.0,1940,1940.0,164.0,0,0,,0.0,9.0,51.0,,39.0
2023,6,4,5,SW,1175,TAIL075,JFK,SFO,731,731.0,72.0,15.0,741.0,141,88.0,,1341,939.0,10.0,939,939.0,72.0,0,0,,23.0,17.0,40.0,24.0,1.0
2023,2,23,7,SW,1176,TAIL076,SFO,ATL,1599,1599.0,-13.0,24.0,1609.0,239,110.0,141.0,2366,1658.0,15.0,1658,1658.0,-13.0,0,0,,22.0,13.0,21.0,41.0,
2023,11,9,6,WN,1177,TAIL077,JFK,ORD,1048,1048.0,48.0,15.0,1058.0,107,,170.0,378,1238.0,5.0,1238,1238.0,48.0,0,0,,11.0,10.0,69.0,5.0,10.0
2023,5,4,3,DL,1178,TAIL078,SFO,LAX,140,,134.0,9.0,150.0,68,165.0,97.0,1473,297.0,16.0,297,297.0,134.0,0,0,,23.0,17.0,22.0,42.0,32.0
2023,5,26,7,WN,1179,TAIL079,LAX,ORD,500,500.0,,9.0,510.0,138,75.0,162.0,1735,644.0,14.0,644,644.0,74.0,0,0,,47.0,1.0,67.0,22.0,26.0
2023,8,5,3,WN,1180,TAIL080,SFO,SFO,2177,2177.0,23.0,25.0,2187.0,63,,101.0,708,2399.0,14.0,2399,2399.0,23.0,0,0,,50.0,6.0,41.0,6.0,16.0
2023,11,15,3,UA,1181,TAIL081,ATL,SFO,1029,1029.0,95.0,15.0,1039.0,222,159.0,145.0,2061,1144.0,7.0,1144,1144.0,95.0,0,0,,24.0,,8.0,23.0,7.0
2023,1,24,2,DL,1182,TAIL082,JFK,ATL,1595,1595.0,157.0,11.0,1605.0,131,81.0,178.0,2293,1798.0,15.0,1798,1798.0,157.0,0,1,B,7.0,18.0,55.0,1.0,4.0
2023,10,17,3,WN,1183,TAIL083,LAX,LAX,670,670.0,167.0,18.0,680.0,104,187.0,153.0,2421,757.0,5.0,757,757.0,167.0,0,0,,45.0,12.0,11.0,67.0,33.0
2023,3,15,2,DL,1184,TAIL084,SFO,SFO,1511,1511.0,44.0,20.0,1521.0,219,173.0,111.0,2675,1750.0,17.0,1750,1750.0,44.0,0,0,,27.0,4.0,3.0,,15.0
2023,2,12,7,AA,1185,TAIL085,LAX,SFO,1922,1922.0,129.0,9.0,1932.0,212,98.0,125.0,1002,2030.0,13.0,2030,2030.0,129.0,0,0,,47.0,17.0,65.0,31.0,34.0
2023,1,17,4,DL,1186,TAIL086,SFO,ATL,1404,1404.0,176.0,21.0,1414.0,218,236.0,137.0,2604,1566.0,14.0,1566,1566.0,176.0,0,0,,42.0,4.0,21.0,1.0,12.0
2023,9,25,7,SW,1187,TAIL087,ORD,ORD,1465,1465.0,105.0,15.0,,79,223.0,203.0,649,1615.0,12.0,1615,1615.0,,0,0,,37.0,6.0,76.0,52.0,23.0
2023,5,7,4,WN,1188,TAIL088,SFO,LAX,397,397.0,74.0,24.0,407.0,183,177.0,96.0,857,628.0,19.0,628,628.0,74.0,0,0,,43.0,9.0,54.0,,21.0
2023,8,13,3,WN,1189,TAIL089,SFO,ORD,1103,1103.0,44.0,6.0,1113.0,68,102.0,95.0,2348,1265.0,5.0,1265,1265.0,44.0,0,0,,33.0,7.0,,64.0,33.0
2023,10,4,4,SW,1190,TAIL090,ATL,ORD,2312,2312.0,25.0,11.0,2322.0,160,90.0,138.0,605,,19.0,111,111.0,25.0,0,0,,37.0,8.0,30.0,47.0,39.0
2023,11,5,3,DL,1191,TAIL091,ORD,ORD,1151,1151.0,,15.0,1161.0,237,,134.0,2488,1280.0,9.0,1280,1280.0,,0,0,,0.0,13.0,87.0,68.0,27.0
2023,10,24,3,AA,1192,TAIL092,ORD,ORD,2069,2069.0,128.0,23.0,,195,64.0,226.0,2476,2228.0,15.0,2228,2228.0,128.0,0,0,,15.0,11.0,58.0,35.0,
2023,4,14,3,UA,1193,TAIL093,ATL,ATL,2303,2303.0,39.0,17.0,2313.0,188,171.0,194.0,2802,2370.0,3.0,2370,2370.0,39.0,0,0,,53.0,2.0,7.0,8.0,2.0
2023,12,28,4,UA,1194,TAIL094,ATL,ORD,766,766.0,97.0,8.0,776.0,113,194.0,175.0,2206,906.0,18.0,906,906.0,97.0,0,0,,2.0,0.0,45.0,44.0,15.0
2023,9,15,4,DL,1195,TAIL095,ATL,LAX,1589,1589.0,-10.0,19.0,1599.0,81,,218.0,951,1690.0,8.0,1690,1690.0,-10.0,0,0,,17.0,9.0,88.0,,2.0
2023,10,26,3,SW,1196,TAIL096,ORD,ORD,172,172.0,70.0,16.0,182.0,149,78.0,138.0,488,390.0,18.0,390,390.0,70.0,0,0,,8.0,0.0,82.0,60.0,28.0
2023,4,4,7,SW,1197,TAIL097,LAX,JFK,434,434.0,1.0,12.0,444.0,135,96.0,76.0,1542,547.0,2.0,547,547.0,1.0,0,0,,48.0,16.0,38.0,26.0,23.0
2023,11,25,1,WN,1198,TAIL098,ATL,JFK,2089,,53.0,17.0,2099.0,134,128.0,227.0,2215,2294.0,15.0,2294,2294.0,,0,0,,57.0,15.0,10.0,68.0,12.0
2023,12,22,7,SW,1199,TAIL099,ORD,LAX,783,783.0,69.0,29.0,793.0,73,170.0,89.0,234,946.0,,946,946.0,69.0,0,0,,22.0,8.0,25.0,51.0,21.0
2023,5,23,5,AA,1200,TAIL000,ATL,ATL,185,185.0,-13.0,28.0,,168,86.0,121.0,933,407.0,15.0,407,407.0,-13.0,0,0,,43.0,13.0,78.0,27.0,28.0
2023,1,4,5,UA,1201,TAIL001,SFO,LAX,2002,,55.0,20.0,,177,,118.0,1366,2094.0,9.0,2094,2094.0,55.0,0,0,,,12.0,,31.0,31.0
2023,8,17,1,AA,1202,TAIL002,SFO,ORD,744,744.0,9.0,22.0,754.0,96,99.0,231.0,729,899.0,13.0,899,899.0,9.0,0,0,,,1.0,74.0,78.0,24.0
2023,4,15,5,UA,1203,TAIL003,LAX,LAX,729,729.0,39.0,14.0,739.0,191,196.0,100.0,2713,824.0,6.0,824,824.0,39.0,0,0,,20.0,,2.0,78.0,15.0
2023,12,27,3,SW,1204,TAIL004,ATL,SFO,1852,1852.0,-19.0,28.0,1862.0,117,136.0,151.0,2523,1887.0,,1887,1887.0,-19.0,0,0,,9.0,16.0,,19.0,33.0
2023,7,21,7,SW,1205,TAIL005,JFK,ATL,1267,1267.0,69.0,28.0,1277.0,84,71.0,67.0,497,1436.0,7.0,1436,1436.0,69.0,0,1,B,48.0,7.0,56.0,,36.0
2023,3,19,7,SW,1206,TAIL006,SFO,JFK,134,134.0,164.0,5.0,,219,207.0,85.0,1960,190.0,15.0,190,190.0,164.0,0,0,,21.0,,22.0,44.0,10.0
2023,7,11,1,SW,1207,TAIL007,JFK,ORD,1195,1195.0,2.0,15.0,1205.0,75,144.0,96.0,2947,1353.0,9.0,1353,1353.0,2.0,0,0,,8.0,9.0,60.0,,5.0
2023,10,23,4,AA,1208,TAIL008,ATL,LAX,311,311.0,156.0,10.0,321.0,169,76.0,233.0,241,541.0,12.0,541,541.0,,0,0,,46.0,13.0,87.0,5.0,9.0
2023,4,9,2,SW,1209,TAIL009,LAX,ATL,671,671.0,154.0,28.0,681.0,227,216.0,88.0,1792,885.0,17.0,885,885.0,154.0,0,0,,0.0,,11.0,57.0,30.0
2023,6,27,2,UA,1210,TAIL010,ORD,JFK,907,907.0,44.0,12.0,917.0,109,165.0,103.0,1974,,5.0,1061,1061.0,44.0,0,0,,34.0,9.0,81.0,5.0,2.0
2023,10,9,7,UA,1211,TAIL011,SFO,ORD,1012,1012.0,121.0,20.0,1022.0,236,72.0,158.0,1996,1103.0,17.0,1103,1103.0,121.0,0,0,,36.0,4.0,37.0,12.0,2.0
2023,3,16,2,UA,1212,TAIL012,LAX,JFK,1577,1577.0,32.0,24.0,1587.0,198,164.0,110.0,711,1714.0,15.0,1714,1714.0,32.0,0,0,,35.0,,14.0,10.0,20.0
2023,2,27,2,AA,1213,TAIL013,ORD,ATL,686,686.0,5.0,19.0,696.0,216,101.0,,1644,826.0,7.0,826,826.0,5.0,0,0,,45.0,14.0,52.0,60.0,2.0
2023,3,15,4,WN,1214,TAIL014,ATL,JFK,1814,1814.0,158.0,,1824.0,194,122.0,208.0,2534,1865.0,3.0,1865,1865.0,,0,0,,46.0,1.0,80.0,,22.0
2023,2,3,7,SW,1215,TAIL015,JFK,SFO,245,245.0,19.0,24.0,255.0,199,218.0,134.0,2737,359.0,12.0,359,359.0,19.0,0,0,,53.0,,86.0,,26.0
2023,5,20,4,DL,1216,TAIL016,JFK,JFK,1697,,,,1707.0,92,112.0,196.0,746,1733.0,3.0,1733,1733.0,108.0,0,0,,40.0,,7.0,,27.0
2023,8,23,6,UA,1217,TAIL017,JFK,ATL,2227,2227.0,147.0,14.0,2237.0,66,125.0,190.0,1272,,19.0,2332,2332.0,147.0,0,0,,48.0,17.0,89.0,37.0,13.0
2023,10,17,7,AA,1218,TAIL018,ORD,SFO,401,401.0,159.0,22.0,411.0,196,121.0,190.0,2362,454.0,16.0,454,454.0,159.0,0,0,,30.0,14.0,22.0,24.0,12.0
2023,11,13,3,UA,1219,TAIL019,ORD,JFK,1190,1190.0,40.0,17.0,1200.0,202,208.0,119.0,1941,1366.0,11.0,1366,1366.0,40.0,0,0,,16.0,7.0,57.0,45.0,28.0
2023,2,24,7,WN,1220,TAIL020,JFK,JFK,2065,2065.0,121.0,26.0,2075.0,164,228.0,105.0,1796,2141.0,2.0,2141,2141.0,121.0,0,0,,28.0,14.0,54.0,50.0,18.0
2023,6,1,5,AA,1221,TAIL021,ATL,LAX,181,181.0,2.0,22.0,191.0,232,129.0,106.0,2276,245.0,,245,245.0,2.0,0,0,,50.0,13.0,69.0,35.0,21.0
2023,10,14,2,DL,1222,TAIL022,ATL,ORD,1965,1965.0,-15.0,20.0,,162,78.0,172.0,939,2108.0,17.0,2108,2108.0,-15.0,0,0,,46.0,2.0,67.0,38.0,6.0
2023,8,7,6,SW,1223,TAIL023,LAX,ORD,1927,1927.0,155.0,11.0,1937.0,174,178.0,172.0,1864,2092.0,18.0,2092,2092.0,155.0,0,0,,2.0,15.0,58.0,40.0,18.0
2023,6,19,3,UA,1224,TAIL024,LAX,ATL,1014,1014.0,108.0,5.0,1024.0,100,103.0,122.0,1938,1088.0,8.0,1088,1088.0,,0,0,,,0.0,32.0,27.0,36.0
2023,10,20,3,UA,1225,TAIL025,ORD,JFK,318,318.0,,21.0,328.0,79,,,2940,461.0,12.0,461,461.0,30.0,0,0,,30.0,9.0,49.0,12.0,24.0
2023,10,28,5,SW,1226,TAIL026,ATL,JFK,2316,2316.0,55.0,29.0,2326.0,88,186.0,,2856,125.0,13.0,125,125.0,55.0,0,0,,52.0,11.0,83.0,3.0,18.0
2023,3,8,6,DL,1227,TAIL027,LAX,ATL,48,48.0,178.0,15.0,,200,155.0,163.0,469,270.0,14.0,270,270.0,178.0,0,0,,25.0,7.0,3.0,18.0,32.0
2023,10,10,7,SW,1228,TAIL028,ATL,LAX,1498,1498.0,60.0,17.0,,73,69.0,78.0,2470,1712.0,13.0,1712,1712.0,60.0,0,0,,21.0,2.0,51.0,54.0,32.0
2023,1,4,1,AA,1229,TAIL029,SFO,JFK,569,,49.0,20.0,579.0,64,174.0,194.0,753,777.0,15.0,777,,,0,0,,25.0,18.0,54.0,38.0,
2023,10,15,7,DL,1230,TAIL030,ORD,JFK,1317,1317.0,-6.0,9.0,1327.0,121,151.0,104.0,2854,1433.0,11.0,1433,1433.0,-6.0,0,0,,16.0,6.0,,69.0,7.0
2023,4,18,5,SW,1231,TAIL031,SFO,LAX,446,446.0,,24.0,456.0,112,189.0,211.0,1383,634.0,11.0,634,634.0,,0,0,,2.0,18.0,30.0,67.0,26.0
2023,5,12,4,SW,1232,TAIL032,LAX,SFO,1085,1085.0,,15.0,1095.0,234,126.0,235.0,1677,1318.0,14.0,1318,1318.0,49.0,0,0,,11.0,15.0,54.0,70.0,7.0
2023,12,13,7,SW,1233,TAIL033,ATL,JFK,104,104.0,63.0,17.0,114.0,211,181.0,226.0,287,156.0,10.0,156,156.0,63.0,0,0,,44.0,13.0,48.0,43.0,17.0
2023,8,4,6,WN,1234,TAIL034,ORD,JFK,509,509.0,93.0,,519.0,116,207.0,100.0,470,596.0,3.0,596,596.0,93.0,0,0,,1.0,3.0,12.0,13.0,
2023,3,6,4,SW,1235,TAIL035,ORD,LAX,2272,,,13.0,2282.0,230,146.0,140.0,587,2376.0,14.0,2376,2376.0,103.0,0,0,,27.0,3.0,2.0,49.0,23.0
2023,3,21,3,AA,1236,TAIL036,JFK,LAX,83,83.0,125.0,24.0,93.0,95,160.0,,952,195.0,8.0,195,,,0,0,,,2.0,71.0,61.0,
2023,6,10,6,DL,1237,TAIL037,ATL,JFK,1926,1926.0,167.0,5.0,1936.0,187,67.0,231.0,589,1998.0,14.0,1998,1998.0,167.0,0,0,,59.0,4.0,25.0,8.0,33.0
2023,5,3,7,WN,1238,TAIL038,LAX,ORD,1763,1763.0,32.0,11.0,1773.0,136,165.0,188.0,2987,1914.0,18.0,1914,1914.0,32.0,0,0,,,10.0,44.0,49.0,36.0
2023,6,27,1,DL,1239,TAIL039,ORD,ATL,1021,1021.0,34.0,16.0,1031.0,230,216.0,102.0,775,1215.0,10.0,1215,1215.0,,0,0,,52.0,12.0,18.0,20.0,11.0
2023,8,5,2,UA,1240,TAIL040,ATL,ORD,1664,1664.0,,11.0,1674.0,158,172.0,127.0,1883,1722.0,10.0,1722,1722.0,154.0,0,0,,9.0,2.0,0.0,9.0,
2023,8,12,6,SW,1241,TAIL041,ORD,ORD,263,,71.0,7.0,273.0,140,170.0,184.0,1938,336.0,11.0,336,336.0,71.0,0,0,,13.0,7.0,83.0,32.0,23.0
2023,5,25,6,WN,1242,TAIL042,LAX,ORD,1228,1228.0,,25.0,1238.0,206,104.0,184.0,225,1383.0,14.0,1383,1383.0,108.0,0,0,,15.0,13.0,8.0,57.0,36.0
2023,9,12,6,DL,1243,TAIL043,LAX,LAX,376,376.0,,24.0,386.0,132,,163.0,522,561.0,6.0,561,561.0,46.0,0,0,,25.0,19.0,78.0,,36.0
2023,1,19,5,DL,1244,TAIL044,LAX,ATL,32,32.0,71.0,21.0,42.0,139,102.0,,1841,200.0,11.0,200,200.0,71.0,0,0,,,17.0,79.0,46.0,31.0
2023,2,26,5,AA,1245,TAIL045,SFO,LAX,486,486.0,,13.0,496.0,68,85.0,239.0,959,673.0,2.0,673,673.0,,0,0,,46.0,1.0,41.0,9.0,37.0
2023,3,19,2,SW,1246,TAIL046,JFK,ATL,643,643.0,17.0,28.0,653.0,110,75.0,211.0,2448,860.0,4.0,860,860.0,17.0,0,0,,7.0,9.0,47.0,75.0,28.0
2023,8,1,4,UA,1247,TAIL047,ATL,SFO,1799,1799.0,104.0,9.0,1809.0,139,,,1185,1934.0,16.0,1934,1934.0,104.0,0,0,,33.0,,0.0,53.0,10.0
2023,10,7,7,UA,1248,TAIL048,LAX,ORD,1025,1025.0,140.0,7.0,1035.0,128,88.0,169.0,2624,1119.0,7.0,1119,1119.0,140.0,0,0,,0.0,3.0,88.0,14.0,34.0
2023,1,12,5,AA,1249,TAIL049,JFK,LAX,629,629.0,141.0,27.0,639.0,179,181.0,176.0,1822,781.0,10.0,781,781.0,141.0,1,0,,7.0,14.0,73.0,58.0,25.0
2023,9,19,5,AA,1250,TAIL050,ATL,SFO,169,169.0,-15.0,21.0,179.0,201,232.0,135.0,1130,261.0,16.0,261,261.0,-15.0,0,0,,50.0,1.0,17.0,19.0,12.0
2023,12,25,5,UA,1251,TAIL051,JFK,JFK,1026,1026.0,116.0,16.0,1036.0,157,100.0,,2448,1190.0,17.0,1190,1190.0,116.0,0,0,,52.0,16.0,65.0,27.0,22.0
2023,8,10,4,UA,1252,TAIL052,ATL,ORD,2157,2157.0,39.0,15.0,2167.0,88,218.0,116.0,307,2236.0,13.0,2236,2236.0,39.0,0,0,,50.0,7.0,6.0,10.0,12.0
2023,10,16,4,AA,1253,TAIL053,SFO,ATL,590,590.0,8.0,,600.0,224,167.0,112.0,1875,677.0,15.0,677,677.0,8.0,0,0,,0.0,15.0,40.0,34.0,10.0
2023,4,25,2,UA,1254,TAIL054,ORD,ATL,2146,2146.0,67.0,,2156.0,103,205.0,175.0,1207,2276.0,10.0,2276,2276.0,67.0,0,0,,54.0,19.0,74.0,31.0,20.0
2023,5,17,5,SW,1255,TAIL055,JFK,ORD,656,656.0,-7.0,11.0,666.0,212,73.0,188.0,601,765.0,13.0,765,765.0,-7.0,0,0,,29.0,8.0,76.0,30.0,30.0
2023,6,18,3,UA,1256,TAIL056,JFK,LAX,207,207.0,116.0,24.0,217.0,174,64.0,234.0,2950,436.0,18.0,436,436.0,116.0,0,0,,38.0,17.0,67.0,39.0,31.0
2023,2,10,7,WN,1257,TAIL057,ATL,ATL,637,637.0,,8.0,647.0,121,168.0,99.0,1827,,,751,751.0,163.0,0,0,,12.0,0.0,30.0,47.0,8.0
2023,6,15,3,DL,1258,TAIL058,LAX,LAX,512,512.0,161.0,17.0,522.0,128,162.0,85.0,834,716.0,18.0,716,716.0,161.0,0,0,,19.0,9.0,35.0,,
2023,4,18,4,WN,1259,TAIL059,LAX,ATL,1003,1003.0,32.0,6.0,,165,62.0,,1347,1180.0,8.0,1180,1180.0,32.0,0,0,,16.0,14.0,,34.0,29.0
2023,12,10,1,UA,1260,TAIL060,SFO,JFK,1572,1572.0,127.0,12.0,1582.0,143,151.0,121.0,929,,2.0,1690,1690.0,127.0,0,0,,58.0,13.0,57.0,,25.0
2023,9,9,5,AA,1261,TAIL061,ATL,LAX,2062,2062.0,32.0,29.0,2072.0,188,187.0,234.0,2675,2148.0,13.0,2148,2148.0,32.0,0,0,,14.0,18.0,70.0,46.0,37.0
2023,3,21,6,UA,1262,TAIL062,ATL,LAX,537,537.0,,25.0,547.0,64,196.0,201.0,1953,,19.0,679,679.0,150.0,0,0,,11.0,11.0,51.0,4.0,30.0
2023,10,15,3,WN,1263,TAIL063,ATL,ATL,592,592.0,134.0,,602.0,94,155.0,210.0,2472,730.0,12.0,730,730.0,,0,0,,31.0,14.0,,19.0,20.0
2023,12,26,4,AA,1264,TAIL064,ORD,JFK,82,82.0,82.0,21.0,92.0,170,168.0,101.0,1476,228.0,4.0,228,228.0,82.0,0,0,,13.0,18.0,36.0,6.0,
2023,6,9,7,WN,1265,TAIL065,ATL,LAX,2270,2270.0,56.0,10.0,2280.0,116,214.0,115.0,1338,2332.0,3.0,2332,2332.0,56.0,0,0,,16.0,10.0,85.0,7.0,26.0
2023,10,7,4,SW,1266,TAIL066,ATL,LAX,716,,85.0,7.0,726.0,218,97.0,90.0,2287,829.0,19.0,829,829.0,85.0,0,0,,19.0,18.0,60.0,22.0,13.0
2023,11,2,6,SW,1267,TAIL067,LAX,LAX,24,24.0,47.0,6.0,34.0,227,232.0,71.0,1687,229.0,12.0,229,229.0,47.0,0,0,,22.0,12.0,,0.0,38.0
2023,6,28,4,WN,1268,TAIL068,ORD,SFO,2068,2068.0,140.0,16.0,2078.0,181,108.0,188.0,1886,2164.0,9.0,2164,2164.0,140.0,0,0,,8.0,6.0,27.0,48.0,1.0
2023,10,25,7,WN,1269,TAIL069,ORD,JFK,1979,1979.0,161.0,9.0,1989.0,162,,121.0,2210,2130.0,10.0,2130,2130.0,161.0,0,0,,1.0,16.0,32.0,70.0,
2023,4,11,3,WN,1270,TAIL070,LAX,JFK,1384,1384.0,69.0,12.0,1394.0,89,145.0,108.0,384,1482.0,,1482,1482.0,69.0,0,0,,29.0,1.0,33.0,43.0,39.0
2023,5,18,5,WN,1271,TAIL071,ORD,ATL,949,949.0,88.0,24.0,959.0,223,184.0,93.0,747,1107.0,4.0,1107,1107.0,88.0,0,0,,31.0,4.0,28.0,,3.0
2023,5,27,3,DL,1272,TAIL072,ORD,SFO,1813,1813.0,109.0,7.0,1823.0,112,65.0,,1503,1884.0,17.0,1884,1884.0,109.0,0,0,,47.0,7.0,54.0,25.0,
2023,1,27,4,UA,1273,TAIL073,LAX,JFK,2116,2116.0,50.0,13.0,,173,107.0,,2608,2295.0,17.0,2295,2295.0,50.0,0,0,,42.0,9.0,66.0,57.0,6.0
2023,4,17,7,AA,1274,TAIL074,JFK,JFK,2199,2199.0,162.0,14.0,2209.0,172,237.0,171.0,2741,2266.0,15.0,2266,2266.0,162.0,0,0,,39.0,0.0,6.0,13.0,15.0
2023,8,5,6,UA,1275,TAIL075,ATL,JFK,660,660.0,60.0,29.0,670.0,147,,130.0,1720,,8.0,715,715.0,60.0,0,0,,4.0,17.0,50.0,,15.0
2023,6,8,5,WN,1276,TAIL076,ATL,LAX,1151,1151.0,6.0,6.0,1161.0,161,107.0,172.0,641,,4.0,1187,1187.0,6.0,0,0,,29.0,6.0,59.0,57.0,35.0
2023,6,26,7,UA,1277,TAIL077,ATL,ORD,434,434.0,-2.0,12.0,444.0,178,86.0,,1395,494.0,9.0,494,494.0,,0,0,,31.0,2.0,69.0,10.0,36.0
2023,3,27,7,DL,1278,TAIL078,ORD,LAX,472,472.0,,28.0,482.0,156,194.0,152.0,2465,,2.0,504,504.0,6.0,0,0,,17.0,14.0,56.0,52.0,4.0
2023,2,4,2,WN,1279,TAIL079,SFO,ORD,1668,1668.0,21.0,,1678.0,115,,167.0,1809,1794.0,13.0,1794,1794.0,21.0,0,0,,28.0,7.0,,58.0,32.0
2023,5,11,5,SW,1280,TAIL080,ORD,LAX,363,363.0,-11.0,17.0,373.0,192,232.0,172.0,2459,543.0,11.0,543,543.0,-11.0,0,0,,,,43.0,0.0,7.0
2023,10,13,3,DL,1281,TAIL081,LAX,ORD,1410,1410.0,15.0,18.0,,155,,150.0,672,1511.0,15.0,1511,1511.0,15.0,0,0,,7.0,,,1.0,0.0
2023,4,14,1,WN,1282,TAIL082,JFK,ORD,1584,1584.0,165.0,29.0,1594.0,155,,194.0,1940,1770.0,14.0,1770,1770.0,165.0,0,0,,32.0,0.0,78.0,49.0,0.0
2023,2,7,5,UA,1283,TAIL083,SFO,SFO,829,829.0,72.0,24.0,839.0,98,130.0,191.0,2892,866.0,3.0,866,866.0,,0,0,,7.0,5.0,87.0,37.0,21.0
2023,9,9,5,DL,1284,TAIL084,LAX,SFO,265,,-19.0,22.0,275.0,106,,220.0,547,436.0,4.0,436,436.0,-19.0,0,0,,7.0,,81.0,,8.0
2023,12,21,1,DL,1285,TAIL085,ATL,LAX,30,30.0,165.0,27.0,40.0,202,64.0,,608,61.0,2.0,61,,165.0,0,0,,22.0,18.0,79.0,41.0,16.0
2023,6,26,1,AA,1286,TAIL086,ATL,SFO,2354,2354.0,176.0,24.0,2364.0,70,193.0,109.0,1329,5.0,11.0,5,5.0,176.0,0,0,,41.0,9.0,9.0,27.0,
2023,1,16,5,AA,1287,TAIL087,ATL,ATL,1267,1267.0,171.0,22.0,,149,147.0,127.0,2224,1486.0,18.0,1486,1486.0,171.0,0,0,,20.0,7.0,62.0,65.0,39.0
2023,10,5,1,AA,1288,TAIL088,ORD,ORD,1124,1124.0,,22.0,1134.0,228,203.0,198.0,1381,1198.0,,1198,1198.0,,0,0,,37.0,1.0,47.0,,
2023,7,24,6,UA,1289,TAIL089,JFK,SFO,2295,2295.0,179.0,25.0,2305.0,68,65.0,231.0,829,5.0,7.0,5,5.0,179.0,0,0,,19.0,0.0,47.0,2.0,17.0
2023,1,13,3,AA,1290,TAIL090,SFO,SFO,426,426.0,72.0,15.0,436.0,100,209.0,136.0,749,595.0,12.0,595,595.0,72.0,0,0,,23.0,18.0,54.0,68.0,17.0
2023,1,13,2,SW,1291,TAIL091,JFK,JFK,568,568.0,144.0,16.0,,99,201.0,214.0,2004,612.0,10.0,612,612.0,,0,0,,51.0,0.0,81.0,23.0,13.0
2023,6,18,3,WN,1292,TAIL092,JFK,ATL,829,829.0,,23.0,839.0,104,76.0,,1062,1013.0,14.0,1013,1013.0,168.0,0,0,,4.0,15.0,82.0,17.0,
2023,5,20,1,UA,1293,TAIL093,ORD,ATL,1635,1635.0,149.0,9.0,1645.0,219,217.0,234.0,746,1857.0,14.0,1857,1857.0,149.0,0,0,,29.0,5.0,85.0,68.0,23.0
2023,5,19,3,SW,1294,TAIL094,ATL,SFO,591,591.0,90.0,16.0,601.0,162,237.0,139.0,610,790.0,4.0,790,790.0,90.0,0,0,,58.0,8.0,30.0,26.0,29.0
2023,9,3,1,WN,1295,TAIL095,LAX,JFK,2067,2067.0,33.0,17.0,2077.0,182,211.0,67.0,931,2181.0,7.0,2181,2181.0,33.0,0,0,,14.0,13.0,11.0,59.0,18.0
2023,12,2,7,WN,1296,TAIL096,LAX,ATL,434,434.0,97.0,7.0,444.0,66,,234.0,1473,640.0,2.0,640,640.0,97.0,0,0,,21.0,4.0,7.0,,21.0
2023,3,3,6,SW,1297,TAIL097,ATL,ATL,353,353.0,56.0,,363.0,114,,128.0,1932,573.0,4.0,573,,56.0,0,0,,21.0,18.0,,72.0,32.0
2023,8,27,5,WN,1298,TAIL098,JFK,ATL,736,736.0,94.0,10.0,746.0,60,73.0,160.0,2427,855.0,5.0,855,855.0,94.0,0,0,,5.0,12.0,6.0,55.0,5.0
2023,5,28,5,DL,1299,TAIL099,SFO,SFO,1739,1739.0,-18.0,25.0,1749.0,182,135.0,,493,1964.0,7.0,1964,1964.0,-18.0,0,0,,41.0,11.0,76.0,30.0,25.0
2023,10,24,4,UA,1300,TAIL000,ATL,ORD,1238,1238.0,-18.0,27.0,,131,235.0,206.0,2845,,10.0,1417,1417.0,,0,0,,51.0,10.0,4.0,39.0,19.0
2023,5,1,6,SW,1301,TAIL001,SFO,JFK,2245,2245.0,91.0,22.0,2255.0,115,233.0,78.0,1211,84.0,11.0,84,84.0,91.0,0,0,,45.0,11.0,,21.0,31.0
2023,9,1,5,UA,1302,TAIL002,SFO,LAX,1697,1697.0,159.0,22.0,1707.0,215,229.0,75.0,1790,1808.0,5.0,1808,1808.0,,0,0,,40.0,,64.0,72.0,15.0
2023,1,17,3,WN,1303,TAIL003,LAX,ATL,2144,2144.0,120.0,22.0,2154.0,173,,196.0,302,2332.0,4.0,2332,,120.0,0,0,,58.0,4.0,,60.0,0.0
2023,4,3,5,UA,1304,TAIL004,ORD,SFO,2308,2308.0,,8.0,2318.0,102,78.0,78.0,940,,2.0,71,71.0,177.0,0,0,,51.0,,66.0,14.0,9.0
2023,4,11,5,SW,1305,TAIL005,ORD,LAX,1177,1177.0,,28.0,,82,203.0,120.0,1139,1212.0,15.0,1212,1212.0,132.0,0,0,,,8.0,37.0,77.0,17.0
2023,1,12,3,WN,1306,TAIL006,ORD,JFK,2129,2129.0,140.0,6.0,2139.0,121,111.0,175.0,1833,2162.0,4.0,2162,2162.0,140.0,0,0,,49.0,10.0,79.0,,25.0
2023,5,6,2,DL,1307,TAIL007,LAX,LAX,1789,1789.0,32.0,18.0,1799.0,235,210.0,233.0,854,1869.0,12.0,1869,1869.0,32.0,0,0,,44.0,10.0,86.0,60.0,21.0
2023,5,12,6,DL,1308,TAIL008,JFK,SFO,268,268.0,174.0,,,86,153.0,142.0,1454,493.0,4.0,493,493.0,174.0,0,0,,58.0,14.0,35.0,23.0,38.0
2023,1,2,6,AA,1309,TAIL009,ATL,JFK,2296,2296.0,113.0,19.0,2306.0,120,,119.0,1356,84.0,4.0,84,,113.0,0,0,,32.0,,18.0,0.0,
2023,9,1,7,AA,1310,TAIL010,JFK,ATL,759,759.0,,17.0,769.0,87,66.0,69.0,563,898.0,4.0,898,898.0,94.0,0,0,,36.0,4.0,45.0,29.0,16.0
2023,12,19,6,WN,1311,TAIL011,ATL,LAX,2188,2188.0,96.0,,2198.0,221,108.0,213.0,2293,,11.0,2357,2357.0,96.0,0,0,,28.0,12.0,15.0,,29.0
2023,12,13,5,DL,1312,TAIL012,SFO,ORD,2315,2315.0,169.0,7.0,2325.0,122,229.0,99.0,2329,101.0,15.0,101,101.0,169.0,1,0,,,5.0,28.0,78.0,8.0
2023,12,2,1,DL,1313,TAIL013,ORD,ATL,2167,,154.0,6.0,2177.0,62,162.0,113.0,736,2216.0,14.0,2216,2216.0,154.0,0,0,,35.0,1.0,36.0,17.0,22.0
2023,9,4,2,WN,1314,TAIL014,JFK,JFK,836,,146.0,6.0,846.0,154,154.0,209.0,523,981.0,16.0,981,,146.0,0,0,,10.0,17.0,88.0,43.0,13.0
2023,4,18,4,DL,1315,TAIL015,ORD,LAX,995,995.0,89.0,23.0,1005.0,82,161.0,167.0,681,1112.0,,1112,1112.0,89.0,0,0,,4.0,13.0,6.0,56.0,26.0
2023,12,18,2,UA,1316,TAIL016,SFO,ORD,1699,1699.0,,12.0,1709.0,94,183.0,182.0,594,1887.0,11.0,1887,1887.0,154.0,0,0,,,3.0,30.0,1.0,33.0
2023,7,7,4,SW,1317,TAIL017,ATL,ORD,2280,2280.0,48.0,19.0,2290.0,214,197.0,131.0,2436,,14.0,2340,2340.0,48.0,0,0,,45.0,15.0,1.0,23.0,4.0
2023,7,6,4,WN,1318,TAIL018,JFK,LAX,2221,2221.0,-2.0,28.0,,145,177.0,100.0,2029,2375.0,2.0,2375,2375.0,-2.0,0,0,,30.0,16.0,37.0,31.0,9.0
2023,10,5,5,UA,1319,TAIL019,ATL,SFO,1059,1059.0,36.0,,1069.0,159,80.0,187.0,1711,1101.0,18.0,1101,1101.0,36.0,0,0,,8.0,18.0,82.0,1.0,35.0
2023,4,7,7,UA,1320,TAIL020,ORD,ATL,948,948.0,48.0,12.0,958.0,232,171.0,227.0,2998,1121.0,11.0,1121,1121.0,,0,0,,21.0,2.0,22.0,55.0,23.0
2023,3,18,2,SW,1321,TAIL021,ATL,JFK,1003,,162.0,6.0,1013.0,92,234.0,235.0,1676,1040.0,11.0,1040,1040.0,162.0,0,0,,21.0,12.0,19.0,63.0,34.0
2023,11,27,7,SW,1322,TAIL022,JFK,LAX,1112,1112.0,161.0,27.0,1122.0,141,123.0,,1958,1204.0,9.0,1204,1204.0,161.0,0,0,,57.0,0.0,14.0,24.0,21.0
2023,8,14,7,UA,1323,TAIL023,SFO,JFK,2001,2001.0,52.0,18.0,2011.0,117,199.0,178.0,1395,2153.0,15.0,2153,2153.0,,0,0,,3.0,19.0,20.0,69.0,6.0
2023,12,18,6,AA,1324,TAIL024,ORD,LAX,1720,1720.0,108.0,,1730.0,183,175.0,182.0,2496,1897.0,,1897,1897.0,108.0,0,0,,2.0,7.0,0.0,5.0,19.0
2023,7,28,2,SW,1325,TAIL025,JFK,JFK,925,925.0,87.0,12.0,935.0,134,142.0,168.0,2856,,5.0,957,957.0,87.0,0,1,B,20.0,16.0,38.0,73.0,
2023,8,9,5,WN,1326,TAIL026,LAX,ATL,2013,2013.0,78.0,,2023.0,126,82.0,101.0,2082,2058.0,5.0,2058,2058.0,78.0,0,0,,8.0,14.0,11.0,13.0,1.0
2023,2,23,5,SW,1327,TAIL027,ORD,LAX,1193,1193.0,45.0,8.0,1203.0,100,158.0,121.0,1538,1342.0,12.0,1342,1342.0,45.0,0,1,B,2.0,7.0,70.0,55.0,1.0
2023,4,14,6,UA,1328,TAIL028,SFO,LAX,132,132.0,,,142.0,195,231.0,125.0,258,181.0,11.0,181,181.0,86.0,0,0,,45.0,6.0,36.0,0.0,29.0
2023,5,1,6,SW,1329,TAIL029,SFO,ORD,2022,2022.0,126.0,10.0,2032.0,209,96.0,108.0,646,2171.0,9.0,2171,2171.0,126.0,0,0,,50.0,7.0,82.0,78.0,38.0
2023,9,2,2,AA,1330,TAIL030,ORD,ORD,633,633.0,91.0,12.0,643.0,167,,146.0,2234,866.0,3.0,866,866.0,91.0,0,0,,39.0,3.0,29.0,30.0,23.0
2023,12,8,6,UA,1331,TAIL031,JFK,ATL,1416,1416.0,7.0,10.0,1426.0,107,223.0,129.0,2978,1515.0,,1515,,7.0,0,0,,32.0,15.0,5.0,30.0,30.0
2023,11,15,2,SW,1332,TAIL032,SFO,ATL,2340,2340.0,97.0,19.0,2350.0,162,162.0,176.0,2826,154.0,5.0,154,154.0,97.0,0,0,,19.0,15.0,20.0,47.0,
2023,5,16,5,DL,1333,TAIL033,JFK,LAX,922,,9.0,27.0,932.0,202,129.0,64.0,389,992.0,17.0,992,992.0,9.0,0,0,,24.0,5.0,1.0,64.0,12.0
2023,4,27,6,AA,1334,TAIL034,SFO,JFK,1628,1628.0,14.0,5.0,1638.0,209,199.0,74.0,2177,1784.0,5.0,1784,1784.0,14.0,0,0,,23.0,17.0,15.0,,27.0
2023,3,25,4,DL,1335,TAIL035,SFO,LAX,793,793.0,122.0,23.0,803.0,133,186.0,156.0,750,1022.0,17.0,1022,1022.0,122.0,0,0,,40.0,8.0,65.0,77.0,34.0
2023,2,14,7,SW,1336,TAIL036,ATL,LAX,1968,1968.0,-18.0,,1978.0,85,81.0,217.0,2400,2057.0,18.0,2057,2057.0,-18.0,0,0,,43.0,9.0,,26.0,8.0
2023,1,28,3,SW,1337,TAIL037,LAX,SFO,1817,1817.0,93.0,28.0,1827.0,150,,145.0,2624,1983.0,17.0,1983,1983.0,93.0,0,0,,3.0,,26.0,50.0,12.0
2023,8,26,7,SW,1338,TAIL038,JFK,JFK,2224,2224.0,79.0,25.0,2234.0,85,208.0,228.0,1021,,10.0,27,27.0,79.0,0,0,,29.0,0.0,73.0,9.0,26.0
2023,9,7,7,AA,1339,TAIL039,JFK,ATL,1632,1632.0,149.0,26.0,1642.0,206,,,1414,1756.0,10.0,1756,1756.0,149.0,0,0,,37.0,1.0,,7.0,35.0
2023,4,2,7,AA,1340,TAIL040,JFK,LAX,681,681.0,160.0,8.0,691.0,145,107.0,,2052,827.0,9.0,827,,160.0,0,0,,22.0,18.0,,35.0,33.0
2023,5,17,2,UA,1341,TAIL041,LAX,LAX,2162,2162.0,75.0,19.0,2172.0,182,179.0,161.0,554,2295.0,15.0,2295,2295.0,75.0,0,0,,1.0,17.0,18.0,43.0,10.0
2023,5,4,7,AA,1342,TAIL042,LAX,JFK,1242,1242.0,64.0,10.0,1252.0,108,234.0,90.0,1545,1427.0,18.0,1427,1427.0,64.0,0,0,,43.0,13.0,88.0,63.0,18.0
2023,10,24,5,UA,1343,TAIL043,SFO,LAX,1994,1994.0,11.0,29.0,,185,106.0,97.0,2018,2054.0,2.0,2054,2054.0,11.0,0,0,,25.0,16.0,56.0,48.0,
2023,9,13,2,UA,1344,TAIL044,LAX,ORD,1656,1656.0,-10.0,14.0,1666.0,123,,68.0,2760,1733.0,7.0,1733,1733.0,-10.0,0,0,,13.0,19.0,52.0,74.0,24.0
2023,5,1,2,WN,1345,TAIL045,JFK,ORD,383,,40.0,27.0,393.0,120,66.0,170.0,1322,,4.0,564,564.0,40.0,0,0,,59.0,12.0,41.0,50.0,10.0
2023,9,14,4,DL,1346,TAIL046,JFK,ORD,344,344.0,93.0,29.0,354.0,234,172.0,102.0,2286,,14.0,456,456.0,93.0,0,0,,8.0,,,57.0,
2023,5,28,6,AA,1347,TAIL047,ATL,ATL,2081,2081.0,-6.0,28.0,2091.0,71,198.0,223.0,884,2179.0,7.0,2179,2179.0,,0,0,,53.0,9.0,86.0,29.0,37.0
2023,10,17,5,DL,1348,TAIL048,ATL,SFO,938,938.0,14.0,10.0,948.0,222,132.0,237.0,2244,1099.0,14.0,1099,1099.0,14.0,0,0,,29.0,18.0,65.0,,30.0
2023,5,9,7,SW,1349,TAIL049,ATL,ORD,1417,,-11.0,28.0,1427.0,94,78.0,232.0,1332,1450.0,3.0,1450,1450.0,-11.0,0,0,,51.0,15.0,,8.0,11.0
2023,3,22,4,SW,1350,TAIL050,ORD,ATL,2049,,1.0,24.0,2059.0,100,224.0,162.0,809,2156.0,18.0,2156,2156.0,1.0,0,0,,8.0,5.0,87.0,37.0,38.0
2023,8,28,3,AA,1351,TAIL051,JFK,SFO,1211,1211.0,155.0,25.0,1221.0,158,92.0,69.0,1833,1251.0,17.0,1251,1251.0,155.0,0,0,,58.0,13.0,38.0,40.0,9.0
2023,12,23,1,SW,1352,TAIL052,SFO,LAX,399,399.0,136.0,5.0,409.0,197,133.0,206.0,308,494.0,15.0,494,494.0,,0,0,,51.0,,19.0,10.0,6.0
2023,9,15,7,DL,1353,TAIL053,ATL,LAX,988,988.0,78.0,25.0,998.0,105,159.0,96.0,2074,1221.0,2.0,1221,1221.0,78.0,0,0,,47.0,13.0,41.0,60.0,19.0
2023,1,7,5,DL,1354,TAIL054,ATL,ORD,1655,1655.0,109.0,26.0,1665.0,137,235.0,121.0,1792,1872.0,19.0,1872,1872.0,109.0,0,0,,46.0,5.0,44.0,51.0,18.0
2023,7,5,2,AA,1355,TAIL055,ORD,JFK,1310,1310.0,35.0,28.0,1320.0,85,157.0,127.0,1174,,12.0,1529,1529.0,35.0,0,0,,48.0,0.0,16.0,,13.0
2023,2,28,2,AA,1356,TAIL056,ATL,SFO,260,260.0,17.0,29.0,270.0,77,224.0,,1221,347.0,13.0,347,347.0,,0,0,,19.0,,54.0,59.0,3.0
2023,11,5,7,UA,1357,TAIL057,ORD,ORD,314,314.0,132.0,20.0,,79,140.0,184.0,1829,544.0,13.0,544,544.0,132.0,0,0,,27.0,14.0,21.0,34.0,18.0
2023,11,26,1,AA,1358,TAIL058,ATL,ATL,1241,1241.0,144.0,28.0,1251.0,75,66.0,74.0,502,1466.0,6.0,1466,,144.0,0,0,,,9.0,77.0,16.0,
2023,6,2,2,AA,1359,TAIL059,LAX,SFO,2059,2059.0,35.0,28.0,2069.0,225,65.0,78.0,392,2289.0,2.0,2289,2289.0,35.0,0,0,,12.0,2.0,73.0,52.0,26.0
2023,8,12,3,WN,1360,TAIL060,LAX,SFO,757,757.0,-18.0,8.0,767.0,182,101.0,188.0,2887,802.0,6.0,802,802.0,-18.0,0,0,,53.0,15.0,41.0,,3.0
2023,9,21,4,WN,1361,TAIL061,ORD,JFK,1163,1163.0,76.0,18.0,1173.0,162,229.0,165.0,2947,1237.0,,1237,1237.0,76.0,0,0,,17.0,1.0,62.0,5.0,1.0
2023,12,5,5,AA,1362,TAIL062,ATL,LAX,1746,1746.0,,29.0,,202,190.0,117.0,1083,1929.0,2.0,1929,1929.0,58.0,0,0,,10.0,2.0,80.0,69.0,1.0
2023,6,9,2,UA,1363,TAIL063,ORD,SFO,559,559.0,-9.0,16.0,,68,174.0,124.0,1854,631.0,6.0,631,631.0,,0,0,,,,49.0,,
2023,5,7,5,DL,1364,TAIL064,ORD,ORD,1308,1308.0,-6.0,28.0,1318.0,232,223.0,60.0,2231,1450.0,17.0,1450,1450.0,-6.0,0,0,,40.0,1.0,76.0,37.0,12.0
2023,2,15,3,DL,1365,TAIL065,LAX,JFK,823,823.0,,15.0,833.0,170,72.0,214.0,2098,866.0,2.0,866,866.0,102.0,0,0,,3.0,,65.0,24.0,24.0
2023,9,9,2,AA,1366,TAIL066,LAX,SFO,566,566.0,30.0,29.0,576.0,138,92.0,112.0,1629,653.0,19.0,653,653.0,30.0,0,0,,38.0,8.0,75.0,,15.0
2023,8,2,4,DL,1367,TAIL067,ATL,JFK,1901,1901.0,159.0,5.0,1911.0,192,70.0,155.0,2889,1935.0,13.0,1935,1935.0,159.0,0,0,,21.0,10.0,36.0,9.0,12.0
2023,7,4,4,WN,1368,TAIL068,JFK,SFO,957,957.0,131.0,21.0,967.0,222,112.0,66.0,1729,1025.0,5.0,1025,1025.0,131.0,0,0,,19.0,0.0,5.0,58.0,20.0
2023,6,13,3,SW,1369,TAIL069,SFO,SFO,481,481.0,,9.0,491.0,64,77.0,219.0,2822,522.0,18.0,522,522.0,-13.0,0,0,,,16.0,40.0,15.0,8.0
2023,5,14,1,WN,1370,TAIL070,ATL,ORD,1676,1676.0,149.0,29.0,1686.0,153,97.0,146.0,1291,1711.0,15.0,1711,1711.0,149.0,0,1,B,15.0,10.0,8.0,27.0,20.0
2023,9,2,7,AA,1371,TAIL071,ORD,ORD,361,361.0,80.0,,371.0,60,124.0,178.0,2200,513.0,5.0,513,513.0,80.0,0,0,,56.0,4.0,38.0,27.0,9.0
2023,1,22,4,SW,1372,TAIL072,JFK,JFK,1335,1335.0,133.0,18.0,1345.0,177,119.0,225.0,1168,1527.0,5.0,1527,1527.0,133.0,0,0,,59.0,15.0,33.0,8.0,9.0
2023,4,10,1,DL,1373,TAIL073,SFO,ATL,2351,2351.0,71.0,22.0,2361.0,67,,185.0,293,49.0,15.0,49,49.0,71.0,0,0,,4.0,2.0,26.0,57.0,30.0
2023,5,9,2,SW,1374,TAIL074,JFK,SFO,2130,2130.0,25.0,25.0,2140.0,163,238.0,115.0,2104,2328.0,5.0,2328,2328.0,25.0,0,0,,8.0,11.0,,11.0,3.0
2023,3,19,1,DL,1375,TAIL075,ATL,ATL,1548,1548.0,138.0,17.0,1558.0,187,202.0,82.0,2126,,2.0,1708,1708.0,,0,0,,30.0,16.0,35.0,23.0,19.0
2023,6,5,3,AA,1376,TAIL076,LAX,ORD,911,911.0,172.0,16.0,921.0,66,125.0,,1308,1015.0,10.0,1015,1015.0,172.0,0,0,,43.0,,89.0,50.0,21.0
2023,4,17,2,SW,1377,TAIL077,JFK,JFK,1610,,167.0,10.0,1620.0,177,218.0,190.0,2039,,19.0,1675,1675.0,167.0,0,0,,57.0,0.0,32.0,52.0,28.0
2023,12,18,1,SW,1378,TAIL078,LAX,SFO,774,774.0,172.0,21.0,784.0,62,145.0,234.0,462,893.0,10.0,893,893.0,,1,0,,16.0,19.0,57.0,,20.0
2023,7,5,1,DL,1379,TAIL079,SFO,SFO,1887,1887.0,13.0,22.0,,83,178.0,220.0,2522,2027.0,13.0,2027,2027.0,13.0,0,0,,40.0,6.0,59.0,,15.0
2023,10,23,5,DL,1380,TAIL080,JFK,LAX,1063,1063.0,,12.0,1073.0,124,206.0,118.0,1424,1297.0,,1297,1297.0,132.0,0,0,,0.0,10.0,20.0,30.0,6.0
2023,11,25,6,DL,1381,TAIL081,JFK,ORD,25,25.0,170.0,17.0,35.0,138,182.0,221.0,222,79.0,17.0,79,79.0,,0,0,,8.0,8.0,37.0,62.0,35.0
2023,1,23,3,AA,1382,TAIL082,LAX,ATL,802,802.0,50.0,23.0,812.0,60,,,501,925.0,4.0,925,925.0,50.0,0,0,,8.0,4.0,19.0,41.0,29.0
2023,4,2,3,UA,1383,TAIL083,JFK,SFO,1559,1559.0,154.0,7.0,1569.0,80,230.0,92.0,1520,1713.0,,1713,1713.0,154.0,0,0,,3.0,16.0,20.0,33.0,4.0
2023,3,22,1,UA,1384,TAIL084,ORD,ORD,91,91.0,64.0,11.0,101.0,161,107.0,70.0,1398,228.0,16.0,228,228.0,64.0,0,0,,50.0,14.0,9.0,28.0,16.0
2023,10,3,2,DL,1385,TAIL085,ORD,LAX,1680,1680.0,156.0,11.0,1690.0,102,161.0,201.0,2554,1767.0,,1767,1767.0,,0,0,,,7.0,15.0,24.0,18.0
2023,11,1,2,DL,1386,TAIL086,ATL,LAX,1835,1835.0,94.0,17.0,1845.0,202,102.0,213.0,1029,2056.0,8.0,2056,2056.0,94.0,0,0,,49.0,19.0,70.0,,17.0
2023,7,4,2,DL,1387,TAIL087,LAX,JFK,436,436.0,158.0,23.0,446.0,143,193.0,216.0,2964,535.0,9.0,535,535.0,158.0,0,0,,36.0,8.0,11.0,4.0,1.0
2023,5,10,1,SW,1388,TAIL088,ORD,LAX,1350,1350.0,179.0,29.0,1360.0,205,164.0,188.0,860,1492.0,5.0,1492,1492.0,179.0,0,0,,53.0,9.0,,15.0,
2023,10,1,7,AA,1389,TAIL089,ATL,JFK,731,731.0,123.0,14.0,741.0,115,209.0,106.0,1768,817.0,11.0,817,817.0,123.0,0,0,,40.0,8.0,74.0,62.0,27.0
2023,1,28,5,SW,1390,TAIL090,LAX,ATL,516,516.0,138.0,5.0,526.0,193,161.0,161.0,241,734.0,16.0,734,734.0,138.0,0,0,,1.0,17.0,54.0,42.0,
2023,7,6,1,SW,1391,TAIL091,ORD,LAX,1412,,63.0,,1422.0,175,151.0,83.0,762,1563.0,19.0,1563,1563.0,63.0,0,0,,38.0,13.0,46.0,,26.0
2023,9,2,3,AA,1392,TAIL092,ORD,LAX,2230,2230.0,48.0,20.0,2240.0,201,113.0,60.0,1953,2263.0,7.0,2263,,48.0,0,0,,,,4.0,24.0,
2023,12,3,2,DL,1393,TAIL093,JFK,ATL,1459,1459.0,88.0,11.0,1469.0,79,126.0,133.0,688,1687.0,18.0,1687,1687.0,88.0,0,0,,58.0,10.0,77.0,25.0,18.0
2023,4,12,7,SW,1394,TAIL094,JFK,ORD,556,556.0,94.0,17.0,,107,69.0,206.0,932,663.0,6.0,663,,94.0,0,0,,4.0,5.0,85.0,,12.0
2023,8,20,1,DL,1395,TAIL095,ATL,JFK,548,548.0,140.0,13.0,558.0,165,156.0,200.0,1362,724.0,16.0,724,,140.0,0,0,,20.0,13.0,,,6.0
2023,11,26,5,AA,1396,TAIL096,JFK,JFK,1723,1723.0,41.0,25.0,1733.0,122,233.0,122.0,806,1853.0,,1853,,41.0,0,0,,46.0,13.0,21.0,4.0,15.0
2023,2,1,2,UA,1397,TAIL097,SFO,ORD,1256,1256.0,164.0,27.0,1266.0,140,120.0,188.0,737,1428.0,17.0,1428,1428.0,164.0,0,0,,,3.0,56.0,33.0,22.0
2023,6,7,6,SW,1398,TAIL098,ATL,ORD,974,974.0,58.0,11.0,984.0,183,,232.0,1805,1166.0,10.0,1166,1166.0,58.0,0,0,,36.0,6.0,42.0,17.0,29.0
2023,6,11,7,DL,1399,TAIL099,ATL,SFO,2062,2062.0,138.0,28.0,2072.0,80,85.0,100.0,1045,2169.0,,2169,2169.0,138.0,0,0,,35.0,18.0,15.0,54.0,12.0
2023,2,7,5,WN,1400,TAIL000,JFK,SFO,1456,1456.0,,26.0,1466.0,158,164.0,210.0,1847,1613.0,19.0,1613,1613.0,104.0,0,0,,0.0,4.0,19.0,65.0,34.0
2023,10,18,1,DL,1401,TAIL001,LAX,SFO,2039,,7.0,28.0,2049.0,172,80.0,92.0,2432,2215.0,5.0,2215,2215.0,,0,0,,7.0,9.0,44.0,34.0,20.0
2023,9,20,7,WN,1402,TAIL002,SFO,ORD,2088,,171.0,5.0,2098.0,72,171.0,80.0,210,2296.0,12.0,2296,2296.0,171.0,0,0,,20.0,13.0,52.0,78.0,18.0
2023,6,10,5,SW,1403,TAIL003,SFO,LAX,461,461.0,152.0,14.0,471.0,161,187.0,66.0,1433,,19.0,665,665.0,152.0,0,0,,28.0,10.0,86.0,78.0,15.0
2023,9,26,6,DL,1404,TAIL004,ORD,JFK,2048,2048.0,-15.0,7.0,2058.0,149,129.0,88.0,874,2159.0,6.0,2159,2159.0,-15.0,0,0,,43.0,,,38.0,15.0
2023,8,15,4,DL,1405,TAIL005,ORD,ATL,2160,2160.0,-12.0,9.0,2170.0,136,73.0,120.0,484,2362.0,10.0,2362,2362.0,-12.0,0,0,,59.0,,22.0,5.0,5.0
2023,12,28,2,WN,1406,TAIL006,JFK,LAX,413,413.0,167.0,,423.0,160,204.0,104.0,612,444.0,3.0,444,444.0,167.0,0,0,,37.0,18.0,65.0,24.0,25.0
2023,9,28,7,AA,1407,TAIL007,ATL,JFK,1517,1517.0,-17.0,9.0,1527.0,176,227.0,170.0,325,1703.0,15.0,1703,1703.0,-17.0,0,0,,56.0,6.0,85.0,57.0,5.0
2023,3,11,1,DL,1408,TAIL008,SFO,SFO,1824,1824.0,-18.0,8.0,1834.0,169,99.0,109.0,499,2023.0,14.0,2023,2023.0,-18.0,0,0,,19.0,4.0,19.0,2.0,30.0
2023,2,18,7,WN,1409,TAIL009,LAX,ORD,1285,1285.0,159.0,8.0,1295.0,200,218.0,198.0,1245,1410.0,18.0,1410,1410.0,159.0,0,0,,43.0,5.0,7.0,37.0,
2023,12,5,4,DL,1410,TAIL010,LAX,SFO,705,705.0,132.0,15.0,715.0,169,64.0,,936,800.0,14.0,800,800.0,,0,0,,,12.0,55.0,19.0,21.0
2023,5,16,5,AA,1411,TAIL011,ATL,LAX,1691,1691.0,53.0,27.0,1701.0,78,150.0,236.0,2398,1819.0,4.0,1819,1819.0,,0,0,,55.0,8.0,,,37.0
2023,9,11,4,UA,1412,TAIL012,SFO,JFK,1090,,,28.0,1100.0,125,237.0,222.0,2896,1174.0,14.0,1174,1174.0,,0,0,,7.0,0.0,49.0,,17.0
2023,6,26,5,SW,1413,TAIL013,JFK,LAX,1015,1015.0,121.0,14.0,1025.0,188,138.0,239.0,1319,1103.0,18.0,1103,1103.0,121.0,0,0,,2.0,16.0,0.0,,21.0
2023,5,4,4,UA,1414,TAIL014,ATL,ORD,96,96.0,155.0,21.0,106.0,198,180.0,,857,277.0,12.0,277,277.0,155.0,0,0,,24.0,,84.0,52.0,28.0
2023,6,8,5,WN,1415,TAIL015,ATL,ATL,1949,1949.0,,18.0,1959.0,89,159.0,,1030,2052.0,7.0,2052,2052.0,78.0,0,0,,39.0,8.0,60.0,10.0,15.0
2023,9,19,7,UA,1416,TAIL016,ORD,JFK,951,951.0,163.0,18.0,961.0,110,119.0,221.0,1006,1047.0,,1047,1047.0,163.0,0,0,,25.0,,77.0,6.0,27.0
2023,9,4,3,SW,1417,TAIL017,ATL,ATL,461,461.0,177.0,16.0,471.0,166,230.0,182.0,1540,629.0,2.0,629,629.0,177.0,0,0,,43.0,17.0,80.0,49.0,6.0
2023,6,21,4,SW,1418,TAIL018,SFO,JFK,567,567.0,137.0,15.0,577.0,89,233.0,,2072,691.0,17.0,691,,137.0,0,0,,4.0,3.0,7.0,23.0,11.0
2023,7,26,3,DL,1419,TAIL019,ORD,JFK,2299,2299.0,136.0,9.0,2309.0,190,85.0,189.0,335,2.0,13.0,2,2.0,136.0,0,0,,8.0,0.0,,2.0,12.0
2023,9,16,6,DL,1420,TAIL020,ATL,ORD,1801,1801.0,16.0,15.0,1811.0,201,225.0,,2452,1870.0,16.0,1870,1870.0,,0,0,,25.0,16.0,1.0,41.0,2.0
2023,1,12,5,DL,1421,TAIL021,JFK,SFO,2217,2217.0,80.0,21.0,2227.0,105,91.0,219.0,2259,2322.0,17.0,2322,2322.0,80.0,0,0,,10.0,15.0,73.0,65.0,30.0
2023,12,11,4,DL,1422,TAIL022,ORD,ATL,188,188.0,11.0,24.0,198.0,86,77.0,210.0,2209,283.0,6.0,283,,11.0,0,0,,3.0,3.0,53.0,58.0,29.0
2023,11,24,2,AA,1423,TAIL023,ORD,ATL,1869,1869.0,-5.0,10.0,1879.0,76,200.0,182.0,1527,2078.0,17.0,2078,2078.0,-5.0,0,0,,21.0,9.0,48.0,28.0,5.0
2023,10,9,2,SW,1424,TAIL024,ATL,JFK,1612,1612.0,-11.0,10.0,1622.0,101,133.0,105.0,1892,1689.0,14.0,1689,1689.0,,0,0,,,17.0,26.0,66.0,26.0
2023,11,28,6,UA,1425,TAIL025,LAX,SFO,2322,2322.0,,,2332.0,90,199.0,237.0,2651,54.0,19.0,54,54.0,84.0,0,0,,24.0,18.0,20.0,14.0,27.0
2023,8,5,2,SW,1426,TAIL026,LAX,JFK,828,828.0,46.0,,838.0,184,,233.0,1362,948.0,4.0,948,948.0,46.0,0,0,,14.0,5.0,16.0,21.0,27.0
2023,2,2,5,AA,1427,TAIL027,ORD,ATL,1736,1736.0,-9.0,6.0,1746.0,146,226.0,216.0,2510,1797.0,4.0,1797,1797.0,,0,0,,18.0,9.0,56.0,58.0,17.0
2023,2,9,1,DL,1428,TAIL028,ORD,JFK,2264,2264.0,-8.0,12.0,2274.0,118,120.0,185.0,2177,71.0,15.0,71,71.0,-8.0,0,0,,20.0,10.0,61.0,35.0,
2023,7,27,5,AA,1429,TAIL029,ATL,ORD,2259,2259.0,178.0,6.0,2269.0,93,69.0,207.0,475,54.0,19.0,54,54.0,178.0,0,0,,,18.0,9.0,64.0,3.0
2023,8,4,2,DL,1430,TAIL030,JFK,ORD,1969,1969.0,11.0,23.0,1979.0,137,102.0,119.0,1099,2194.0,15.0,2194,2194.0,11.0,0,0,,3.0,8.0,62.0,50.0,38.0
2023,7,2,1,DL,1431,TAIL031,ATL,SFO,208,208.0,129.0,5.0,218.0,182,217.0,197.0,1202,368.0,7.0,368,368.0,129.0,0,0,,23.0,7.0,2.0,55.0,31.0
2023,9,8,6,UA,1432,TAIL032,ORD,JFK,1471,1471.0,104.0,28.0,1481.0,183,64.0,132.0,2145,1599.0,10.0,1599,1599.0,104.0,0,0,,59.0,19.0,42.0,18.0,12.0
2023,4,28,7,UA,1433,TAIL033,ORD,JFK,8,8.0,151.0,,18.0,82,160.0,162.0,2005,226.0,2.0,226,226.0,151.0,0,0,,13.0,14.0,47.0,46.0,31.0
2023,3,19,6,SW,1434,TAIL034,SFO,ATL,125,125.0,32.0,22.0,135.0,212,203.0,166.0,1319,177.0,6.0,177,177.0,32.0,0,0,,56.0,14.0,27.0,76.0,11.0
2023,6,20,4,WN,1435,TAIL035,SFO,ORD,1949,1949.0,2.0,10.0,,209,95.0,222.0,2528,2093.0,3.0,2093,2093.0,2.0,0,0,,57.0,15.0,84.0,,34.0
2023,3,7,3,UA,1436,TAIL036,ATL,SFO,512,512.0,2.0,21.0,522.0,194,188.0,236.0,557,748.0,,748,748.0,2.0,0,0,,4.0,7.0,59.0,6.0,33.0
2023,2,25,3,SW,1437,TAIL037,ORD,LAX,190,190.0,73.0,28.0,200.0,181,138.0,,785,400.0,12.0,400,400.0,73.0,0,0,,40.0,14.0,45.0,16.0,
2023,1,4,5,WN,1438,TAIL038,LAX,JFK,889,889.0,80.0,15.0,899.0,210,230.0,161.0,2366,1071.0,5.0,1071,1071.0,80.0,0,0,,,0.0,37.0,13.0,28.0
2023,6,13,2,WN,1439,TAIL039,SFO,JFK,1656,1656.0,157.0,16.0,1666.0,89,230.0,228.0,1332,1819.0,17.0,1819,1819.0,157.0,0,0,,57.0,6.0,53.0,3.0,29.0
2023,11,15,3,SW,1440,TAIL040,ATL,LAX,620,620.0,41.0,25.0,630.0,67,81.0,167.0,423,689.0,3.0,689,689.0,41.0,0,0,,36.0,17.0,78.0,13.0,
2023,7,12,1,UA,1441,TAIL041,SFO,JFK,117,117.0,-14.0,7.0,127.0,92,111.0,233.0,829,,17.0,166,166.0,-14.0,0,0,,4.0,11.0,,66.0,
2023,2,1,7,UA,1442,TAIL042,JFK,JFK,2339,2339.0,11.0,24.0,,180,109.0,113.0,2240,29.0,9.0,29,29.0,,0,0,,26.0,11.0,55.0,17.0,17.0
2023,3,20,3,DL,1443,TAIL043,SFO,LAX,2072,,77.0,28.0,2082.0,164,123.0,61.0,1978,2238.0,7.0,2238,2238.0,77.0,1,0,,50.0,3.0,30.0,39.0,19.0
2023,5,16,5,DL,1444,TAIL044,LAX,SFO,1157,1157.0,156.0,24.0,,211,219.0,,2813,1347.0,6.0,1347,1347.0,156.0,0,0,,38.0,0.0,29.0,5.0,27.0
2023,1,4,7,WN,1445,TAIL045,LAX,ATL,1108,1108.0,16.0,19.0,1118.0,220,226.0,168.0,2757,1278.0,13.0,1278,1278.0,16.0,0,0,,32.0,4.0,15.0,26.0,10.0
2023,5,16,3,SW,1446,TAIL046,SFO,SFO,2105,,,18.0,2115.0,194,125.0,193.0,2396,2174.0,18.0,2174,2174.0,27.0,0,0,,2.0,10.0,33.0,14.0,1.0
2023,10,9,7,UA,1447,TAIL047,LAX,SFO,1395,1395.0,146.0,29.0,1405.0,83,87.0,236.0,292,1594.0,14.0,1594,1594.0,,0,0,,15.0,6.0,41.0,36.0,28.0
2023,3,24,3,WN,1448,TAIL048,ATL,JFK,1917,,61.0,11.0,1927.0,210,236.0,237.0,2156,1952.0,17.0,1952,1952.0,61.0,0,0,,11.0,1.0,75.0,47.0,5.0
2023,6,11,6,WN,1449,TAIL049,SFO,LAX,2092,2092.0,108.0,18.0,2102.0,127,173.0,165.0,1665,2202.0,18.0,2202,2202.0,,0,0,,26.0,11.0,68.0,34.0,8.0
2023,5,4,7,DL,1450,TAIL050,SFO,ATL,419,419.0,130.0,12.0,429.0,176,229.0,239.0,872,453.0,16.0,453,453.0,130.0,0,0,,15.0,0.0,17.0,23.0,4.0
2023,7,24,5,SW,1451,TAIL051,LAX,JFK,2212,2212.0,113.0,8.0,2222.0,127,171.0,220.0,410,,9.0,33,33.0,,0,0,,15.0,13.0,85.0,45.0,2.0
2023,12,7,7,UA,1452,TAIL052,LAX,LAX,127,127.0,179.0,16.0,137.0,194,222.0,235.0,1632,223.0,9.0,223,223.0,179.0,0,0,,46.0,5.0,47.0,27.0,2.0
2023,6,17,6,UA,1453,TAIL053,LAX,SFO,2176,2176.0,-10.0,18.0,2186.0,95,,138.0,767,,8.0,2272,2272.0,-10.0,0,0,,13.0,14.0,18.0,34.0,
2023,7,11,6,AA,1454,TAIL054,JFK,JFK,203,,109.0,,213.0,160,149.0,222.0,792,432.0,7.0,432,432.0,109.0,0,0,,6.0,1.0,71.0,19.0,14.0
2023,5,13,5,UA,1455,TAIL055,SFO,JFK,484,484.0,104.0,9.0,494.0,169,66.0,78.0,209,595.0,2.0,595,595.0,104.0,0,0,,58.0,6.0,64.0,5.0,21.0
2023,12,28,3,SW,1456,TAIL056,JFK,SFO,692,692.0,121.0,6.0,702.0,91,96.0,216.0,2235,763.0,10.0,763,763.0,121.0,0,0,,55.0,17.0,52.0,4.0,35.0
2023,1,13,4,AA,1457,TAIL057,SFO,SFO,476,476.0,89.0,18.0,,81,63.0,173.0,2428,619.0,14.0,619,619.0,,0,0,,19.0,12.0,5.0,23.0,
2023,7,11,2,WN,1458,TAIL058,LAX,JFK,784,,67.0,25.0,794.0,85,62.0,109.0,524,899.0,12.0,899,899.0,67.0,0,0,,5.0,13.0,23.0,44.0,34.0
2023,1,12,1,DL,1459,TAIL059,LAX,ORD,1481,1481.0,161.0,13.0,1491.0,227,215.0,197.0,1399,1614.0,,1614,1614.0,161.0,0,0,,8.0,14.0,45.0,17.0,14.0
2023,7,19,1,WN,1460,TAIL060,LAX,ATL,1521,,9.0,28.0,1531.0,234,159.0,100.0,2544,1679.0,16.0,1679,1679.0,9.0,0,0,,39.0,8.0,78.0,60.0,16.0
2023,1,20,3,WN,1461,TAIL061,SFO,ORD,1807,1807.0,149.0,26.0,1817.0,78,118.0,68.0,2241,1984.0,17.0,1984,1984.0,149.0,0,0,,20.0,18.0,79.0,52.0,
2023,4,16,2,SW,1462,TAIL062,SFO,JFK,2256,2256.0,35.0,28.0,2266.0,221,173.0,148.0,2999,5.0,10.0,5,5.0,35.0,0,0,,8.0,14.0,60.0,1.0,33.0
2023,1,14,4,SW,1463,TAIL063,SFO,ATL,827,827.0,162.0,14.0,837.0,151,143.0,196.0,1214,932.0,5.0,932,932.0,162.0,0,0,,35.0,5.0,57.0,8.0,3.0
2023,11,13,7,AA,1464,TAIL064,ATL,ORD,219,219.0,83.0,7.0,229.0,140,,88.0,2237,433.0,17.0,433,433.0,83.0,0,0,,28.0,18.0,,,12.0
2023,8,10,7,UA,1465,TAIL065,SFO,LAX,14,14.0,138.0,23.0,24.0,94,176.0,92.0,713,80.0,3.0,80,80.0,138.0,0,0,,2.0,15.0,45.0,30.0,29.0
2023,5,6,1,SW,1466,TAIL066,ORD,JFK,1218,1218.0,98.0,27.0,1228.0,76,69.0,202.0,1023,,9.0,1406,1406.0,98.0,0,0,,36.0,11.0,65.0,,36.0
2023,7,5,7,WN,1467,TAIL067,LAX,ORD,2278,2278.0,162.0,12.0,2288.0,221,177.0,,1878,23.0,10.0,23,23.0,,0,1,B,4.0,10.0,72.0,43.0,12.0
2023,3,10,5,SW,1468,TAIL068,ORD,SFO,1087,1087.0,139.0,16.0,1097.0,210,188.0,155.0,643,1207.0,6.0,1207,1207.0,139.0,0,0,,51.0,2.0,55.0,62.0,11.0
2023,9,22,1,DL,1469,TAIL069,ORD,ORD,1785,1785.0,13.0,23.0,1795.0,233,233.0,176.0,2325,1859.0,16.0,1859,1859.0,13.0,0,0,,50.0,4.0,56.0,39.0,4.0
2023,5,26,6,WN,1470,TAIL070,ORD,JFK,147,147.0,55.0,13.0,157.0,68,118.0,213.0,2841,272.0,2.0,272,272.0,55.0,0,0,,57.0,10.0,20.0,16.0,20.0
2023,8,13,1,WN,1471,TAIL071,SFO,SFO,1632,1632.0,36.0,10.0,1642.0,127,156.0,231.0,535,1712.0,11.0,1712,1712.0,36.0,0,0,,30.0,10.0,40.0,67.0,26.0
2023,5,14,7,DL,1472,TAIL072,ATL,ORD,864,864.0,-4.0,16.0,874.0,106,219.0,,2289,1006.0,2.0,1006,1006.0,,0,0,,25.0,14.0,82.0,57.0,24.0
2023,12,5,2,SW,1473,TAIL073,JFK,JFK,996,996.0,175.0,20.0,1006.0,135,144.0,62.0,1992,1058.0,16.0,1058,1058.0,175.0,0,0,,,7.0,77.0,31.0,
2023,7,18,3,AA,1474,TAIL074,ATL,JFK,2168,2168.0,11.0,12.0,2178.0,195,186.0,79.0,1759,2363.0,11.0,2363,2363.0,11.0,0,0,,59.0,6.0,84.0,62.0,10.0
2023,11,13,2,AA,1475,TAIL075,JFK,ORD,1738,1738.0,46.0,21.0,1748.0,176,162.0,168.0,988,1916.0,13.0,1916,1916.0,46.0,0,0,,8.0,13.0,68.0,9.0,10.0
2023,3,27,5,AA,1476,TAIL076,LAX,SFO,471,471.0,126.0,18.0,481.0,166,185.0,202.0,967,,7.0,524,524.0,126.0,0,0,,36.0,16.0,20.0,,39.0
2023,2,1,3,AA,1477,TAIL077,JFK,JFK,2268,2268.0,2.0,10.0,2278.0,228,72.0,205.0,1136,2327.0,15.0,2327,2327.0,2.0,0,0,,26.0,13.0,6.0,18.0,9.0
2023,3,19,2,DL,1478,TAIL078,ATL,LAX,452,452.0,76.0,19.0,462.0,101,184.0,,270,621.0,9.0,621,621.0,76.0,0,0,,52.0,,35.0,19.0,36.0
2023,12,23,7,WN,1479,TAIL079,ATL,JFK,1559,1559.0,9.0,25.0,1569.0,74,199.0,133.0,903,1654.0,18.0,1654,1654.0,,0,0,,7.0,4.0,55.0,32.0,32.0
2023,6,18,3,UA,1480,TAIL080,LAX,SFO,1942,1942.0,156.0,10.0,1952.0,185,198.0,69.0,1159,2123.0,2.0,2123,2123.0,156.0,0,0,,30.0,10.0,44.0,56.0,1.0
2023,2,25,2,DL,1481,TAIL081,LAX,SFO,573,573.0,130.0,11.0,,174,155.0,78.0,1710,740.0,,740,,,1,0,,38.0,1.0,59.0,69.0,8.0
2023,5,6,5,WN,1482,TAIL082,LAX,SFO,2248,2248.0,149.0,6.0,2258.0,231,88.0,145.0,1246,39.0,7.0,39,39.0,149.0,0,0,,,3.0,21.0,79.0,20.0
2023,3,13,6,WN,1483,TAIL083,ORD,JFK,1729,1729.0,82.0,,1739.0,99,,104.0,881,1805.0,2.0,1805,1805.0,82.0,0,0,,49.0,4.0,59.0,70.0,17.0
2023,11,28,6,AA,1484,TAIL084,ORD,LAX,1142,1142.0,87.0,18.0,1152.0,177,142.0,183.0,1494,,17.0,1208,1208.0,87.0,0,0,,34.0,9.0,17.0,22.0,34.0
2023,8,1,2,UA,1485,TAIL085,JFK,SFO,1050,1050.0,,7.0,1060.0,220,108.0,116.0,1072,1136.0,11.0,1136,,0.0,0,0,,,11.0,75.0,77.0,
2023,3,25,5,UA,1486,TAIL086,ORD,JFK,1208,1208.0,18.0,14.0,1218.0,163,87.0,238.0,1171,1275.0,7.0,1275,1275.0,18.0,0,0,,13.0,12.0,51.0,38.0,8.0
2023,5,23,4,DL,1487,TAIL087,LAX,ATL,1034,1034.0,172.0,25.0,1044.0,234,223.0,170.0,689,1241.0,15.0,1241,1241.0,172.0,0,0,,41.0,7.0,7.0,66.0,34.0
2023,6,15,2,AA,1488,TAIL088,JFK,JFK,2055,2055.0,143.0,13.0,,184,93.0,172.0,2291,2225.0,10.0,2225,2225.0,143.0,0,0,,51.0,17.0,60.0,43.0,36.0
2023,6,7,3,SW,1489,TAIL089,LAX,SFO,729,729.0,171.0,27.0,739.0,237,195.0,91.0,1658,860.0,10.0,860,860.0,171.0,0,0,,35.0,2.0,46.0,29.0,35.0
2023,5,19,1,DL,1490,TAIL090,ATL,SFO,952,,40.0,21.0,,238,114.0,79.0,1320,983.0,19.0,983,983.0,,0,0,,3.0,2.0,2.0,30.0,32.0
2023,5,26,7,AA,1491,TAIL091,LAX,ORD,473,,148.0,5.0,483.0,200,90.0,172.0,2688,621.0,4.0,621,621.0,148.0,0,0,,43.0,15.0,,32.0,17.0
2023,1,4,6,SW,1492,TAIL092,ATL,LAX,1474,1474.0,77.0,25.0,1484.0,154,130.0,179.0,689,1516.0,19.0,1516,1516.0,77.0,0,0,,2.0,10.0,67.0,26.0,32.0
2023,7,3,4,SW,1493,TAIL093,ATL,ORD,979,,-1.0,18.0,989.0,142,157.0,,2505,1082.0,18.0,1082,1082.0,-1.0,0,0,,30.0,13.0,85.0,41.0,
2023,4,20,6,AA,1494,TAIL094,JFK,ATL,258,258.0,21.0,9.0,,88,87.0,90.0,2264,366.0,6.0,366,,21.0,0,0,,39.0,9.0,79.0,55.0,8.0
2023,7,9,1,AA,1495,TAIL095,ORD,SFO,361,,37.0,10.0,371.0,156,83.0,228.0,1189,407.0,,407,407.0,,0,0,,40.0,3.0,57.0,14.0,29.0
2023,12,19,3,SW,1496,TAIL096,ATL,ORD,1874,1874.0,27.0,12.0,1884.0,133,155.0,156.0,2474,1963.0,9.0,1963,1963.0,27.0,0,0,,,16.0,31.0,14.0,33.0
2023,8,16,7,WN,1497,TAIL097,SFO,LAX,2208,2208.0,96.0,21.0,2218.0,216,158.0,196.0,1479,2365.0,10.0,2365,2365.0,96.0,0,0,,39.0,5.0,21.0,26.0,
2023,4,2,2,DL,1498,TAIL098,ORD,ATL,187,187.0,126.0,17.0,197.0,133,72.0,62.0,1469,250.0,14.0,250,250.0,126.0,0,0,,31.0,6.0,77.0,50.0,39.0
2023,8,7,5,SW,1499,TAIL099,ATL,ATL,1659,1659.0,,13.0,1669.0,161,140.0,239.0,940,1752.0,,1752,,99.0,0,0,,,19.0,30.0,52.0,37.0
